0,--,0,0
1.5625,--,0,332103020.231633
3.125,--,0,4777174214.10118
4.6875,--,22642747656.2238,0
6.25,--,0,610964137.74517
7.8125,--,0,8788484135.25744
9.375,298.989990234375,21934152007.4802,0
10.9375,298.75,0,0
12.5,299.22998046875,0,0
14.0625,299.22998046875,0,0
15.625,299.470001220703,0,0
17.1875,299.709991455078,0,0
18.75,299.984270368303,0,0
20.3125,300.429992675781,0,0
21.875,300.910003662109,70997706636.419,0
23.4375,301.160003662109,76704667904.6198,0
25,301.639984130859,0,0
26.5625,302.332294170674,0,0
28.125,303.079986572266,42845855992.7685,0
29.6875,303.579606933594,56265332180.3827,0
31.25,304.289978027344,20656356929.8866,0
32.8125,305.010009765625,13685442877.4564,0
34.375,305.970001220703,4384481537.34081,0
35.9375,306.699981689453,10877706697.2079,0
37.5,307.660003662109,0,0
39.0625,308.619995117188,59980603719.3175,0
40.625,309.350006103516,12408729229.0317,0
42.1875,310.175603027344,0,0
43.75,310.624603271485,0,385355266.451413
45.3125,312.239990234375,70831707258.9661,5543187294.33955
46.875,313.679992675781,29727514571.574,871503180.291562
48.4375,314.774788818359,0,13909567559.2259
50,315.674606323243,41851092557.3044,19754816715.1633
51.5625,316.820007324219,0,0
53.125,318.260009765625,84129868722.3939,997373391.738314
54.6875,319.22998046875,94516044233.6746,14346832635.005
56.25,320.429992675781,54573674159.7847,0
57.8125,321.160003662109,27588988389.7314,1270356224.83618
59.375,322.600006103516,0,18273585695.7204
60.9375,323.809997558594,62144651629.5502,0
62.5,325.260009765625,49734862599.9328,0
64.0625,325.97998046875,0,0
65.625,327.429992675781,119852675207.227,0
67.1875,329.119995117188,63210724504.4227,0
68.75,330.089996337891,34202425216.0328,5192736313.30263
70.3125,331.289978027344,59259247206.3789,74695514660.584
71.875,332.5,74279930678.8899,0
73.4375,333.866908146785,68790012244.9228,1900567440.22921
75,335.198402099609,43715108758.8694,27338931640.2202
76.5625,336.130004882813,74554419030.584,683558506.236132
78.125,337.820007324219,158856667562.528,9832726205.08898
79.6875,339.029998779297,52045746962.7422,496539246.741399
81.25,340.239990234375,106070422790.555,7142526087.74167
82.8125,341.450012207031,129013202155.447,0
84.375,342.419982910156,159928039440.33,2357118536.75341
85.9375,343.630004882813,101333763030.014,34125911641.2739
87.5,345.079986572266,160962188526.131,4756193856.64726
89.0625,346.529998779297,99168633690.6121,24024704182.2998
90.625,347.75,192171758516.753,16083099156.4028
92.1875,348.959991455078,66126992916.0792,12760103107.485
93.75,350.169982910156,80471026157.5017,20424583332.3949
95.3125,351.433996582031,84251161817.9971,65257060081.2684
96.875,352.599975585938,94508582372.4082,23518342779.886
98.4375,354.049987792969,116334245405.647,58306811826.9826
100,355.334609985352,154967978042.041,73727754125.4624
101.5625,356.47998046875,104320259451.91,15308089731.1332
103.125,357.700012207031,226726361955.987,67768700917.0465
104.6875,358.910003662109,227767972903.054,38713114262.7822
106.25,359.399993896484,252643893421.998,100056927040.964
107.8125,361.099975585938,160911145069.351,34707059123.5828
109.375,362.559997558594,199143753998.352,41781776897.2148
110.9375,364.019989013672,351055007608.257,66792786072.5899
112.5,364.260009765625,326630194452.901,77501612966.3777
114.0625,366.305999755859,297469738080.423,115409884554.188
115.625,367.910003662109,347563159335.654,73837135746.8797
117.1875,369.000762939453,262353418702.19,40183139292.1473
118.75,370.109985351563,294999321286.591,88169344011.1638
120.3125,371.496154785157,368061000377.937,106241553821.641
121.875,372.605370154748,508340228816.622,115365800297.076
123.4375,373.519989013672,473965488676.789,73276292780.6602
125,374.989990234375,540227508838.92,141231471689.695
126.5625,376.450012207031,388117337147.655,151769946111.379
128.125,377.919982910156,399851514118.185,54105538600.657
129.6875,378.399993896484,452751633381.663,94207386156.1005
131.25,380.273028829824,544185366569.061,145787353261.388
132.8125,381.089996337891,614596873710.092,164230725728.433
134.375,382.492689866286,524963201003.2,155676442190.837
135.9375,383.949610783504,579806086140.333,188601191600.562
137.5,385,662154927535.596,183089785062.881
139.0625,386.22998046875,641982639930.371,122824008827.593
140.625,387.459627591646,753696176410.983,138539606644.686
142.1875,388.679992675781,803871548368.648,214269538785.453
143.75,390.188392333984,752756695634.641,177650197188.043
145.3125,391.369995117188,794934444686.761,198404296550.72
146.875,392.676782226563,683915596675.774,192254180998.306
148.4375,393.579986572266,903328512704.32,132334379033.757
150,395.049987792969,775029205200.546,202330808495.321
151.5625,396.519989013672,906659638973.816,202736783208.641
153.125,397.75,923756104107.776,259849088368.327
154.6875,398.970001220703,982166342902.099,195969021314.13
156.25,400.123205566406,1018233822491.7,223924891822.599
157.8125,401.256915752704,1001711899046.69,174353638398.919
159.375,402.659973144531,1114690469740.69,212405451416.694
160.9375,403.610014648438,1119240929026.9,231972143062.298
162.5,405.109985351563,1213182561343.14,227628317207.414
164.0625,406.099975585938,1252832318312.46,245521524743.066
165.625,407.570007324219,1314433270612.97,258056603452.003
167.1875,408.799987792969,1436015799919.04,244639741437.464
168.75,409.671906691331,1604626872072.27,289468748665.125
170.3125,410.969989013672,1587143168781.45,280540666483.395
171.875,412.489990234375,1745457131929.77,300367532183.043
173.4375,413.22998046875,1762692863512.13,325633198798.256
175,414.950012207031,1930734649722.18,345864115228.696
176.5625,415.940002441406,2032401298279.02,347868972927.638
178.125,417.169982910156,2189310960765.55,312875989337.616
179.6875,418.649993896484,2199529990584.46,308715973928.001
181.25,419.880004882813,2208653489397.93,339406280255.001
182.8125,421.109985351563,2461482480236.51,392665818848.381
184.375,422.589996337891,2557518732710.32,397398108573.446
185.9375,423.829986572266,2744048480594.76,415782318457.827
187.5,424.809997558594,2857165301193.75,423167154664.708
189.0625,426.049987792969,2928599126585.47,519850188348.028
190.625,427.279998779297,3179302590020.81,479317270829.408
192.1875,428.760009765625,3362430788968.28,432904413864.327
193.75,429.989990234375,3473122764198.62,415305456682.855
195.3125,430.97998046875,3775834686918.96,511063388851.648
196.875,432.220001220703,3939447133909.74,538177011069.573
198.4375,433.623089130108,4187642914502.08,522848192269.668
200,434.679992675781,4501398218868.33,561919471280.151
201.5625,435.457683856671,4694087203328.07,568025985985.067
203.125,437.149993896484,4973850917909.09,609496024493.452
204.6875,438.390014648438,5292202555786.9,616485283471.793
206.25,439.380004882813,5539720518204.65,670639400032.722
207.8125,440.90806227464,5952013247684.12,662833241606.804
209.375,442.339996337891,6374610721058.42,656420744041.403
210.9375,443.329986572266,6778694948944.36,749286334723.836
212.5,444.760007324219,7173203078280.96,763264138065.717
214.0625,445.559997558594,7547284135300.14,778590565922.873
215.625,447.039978027344,8170964581458.81,749453682737.795
217.1875,448.176550503435,8511212305037.34,822350552211.635
218.75,449.760009765625,8876546395251.09,878537790881.155
220.3125,450.75,9533869864945.21,831024468824.567
221.875,451.989990234375,10318418523435.2,922389077793.134
223.4375,452.903057391827,10894221937420.6,907607944977.021
225,454.556145301232,11391575087372.9,975495352940.599
226.5625,455.700012207031,12183530145514.9,982292272965.515
228.125,456.810002441406,12630955595418.2,1019242217690.33
229.6875,457.919982910156,13440658164967.2,1078504784023.09
231.25,459.899993896484,14153287796771.6,1086875953768.72
232.8125,460.890014648438,14883154733835.7,1125871239758.41
234.375,461.880004882813,15662948015594.3,1162733356074.79
235.9375,463.369995117188,16309066237373.9,1228708910031.62
237.5,464.350369966948,17302743545485.1,1239070505241.6
239.0625,465.474975585938,18140003848161.8,1252782460318.01
240.625,466.368457500752,18908552683514.9,1302372464525.19
242.1875,468.070007324219,19766463725200.8,1299239886455.53
243.75,469.559997558594,20687807415902.1,1357265759772.51
245.3125,470.549987792969,21676397162572.5,1420943201428.98
246.875,472.029998779297,22505311055914.1,1430695872582.81
248.4375,473.259989013672,23368230952611.7,1478065193690.39
250,474.380009765625,24263850229891,1495023520024.7
251.5625,475.5,25417198264489,1560519540673.64
253.125,476.97998046875,26387848841829.9,1639221091286.01
254.6875,478.008462759165,27634231604001.8,1648926642013.13
256.25,479.209991455078,28875225842345.6,1665829894209.74
257.8125,480.450012207031,29910172764916.2,1742178242188.37
259.375,481.486154409555,31274943004539.3,1785806939199.32
260.9375,483.169982910156,32711865534982.6,1770874908056.55
262.5,484.409973144531,33786000927509.9,1830477130328.39
264.0625,485.640014648438,35499049895287.7,1964046909579.21
265.625,487.130004882813,36612624207153.4,1950886619880.2
267.1875,487.869995117188,38143049282485.7,1999535473828.72
268.75,489.109985351563,39460527649587.1,2027044659572.25
270.3125,490.173828125001,40785809852125.9,2081743816695.26
271.875,491.489986572266,42516547251738.2,2115996521399.02
273.4375,492.820007324219,43958660477754.4,2191360532380.51
275,493.925192871094,45544798789773.9,2214489752910.06
276.5625,495.039978027344,47081690518972.4,2259138494156.15
278.125,496.529998779297,48792648493308.8,2287357808286.2
279.6875,498.010009765625,50391060718071.1,2416345254646.93
281.25,498.75,52064222973716.4,2445594573231.9
282.8125,500.239990234375,54016475091236.5,2463622580928.57
284.375,501.470001220703,55870214366490.9,2493097558223.32
285.9375,502.796529916617,57556577113439.6,2551897752948.46
287.5,504.190002441406,59590188245146.6,2605991720391.17
289.0625,505.304992675781,61343899012733.6,2638858223205.29
290.625,506.429213303786,63021252085797.3,2649521209240.6
292.1875,507.899993896484,64610739372989.8,2703346320984.8
293.75,509.130004882813,66190379921110.2,2777584857046.59
295.3125,510.29856654576,67583996733380.8,2852111451035.09
296.875,511.189985351563,69289899568450.1,2830792627754.97
298.4375,512.839965820313,71288130430505.3,2856503065617.46
300,514.070007324219,72897429400144.9,2953446178818.41
301.5625,515.309997558594,75032949837196.2,2984360805568.54
303.125,516.049987792969,76434570341468.9,2983386693714.06
304.6875,517.530029296875,78141491689198.4,3052819602551.43
306.25,518.510009765625,79773643712124.8,3086595851785
307.8125,519.989990234375,81562284201928,3101239504749.03
309.375,521.095365084135,83098014827545.1,3186066787923.48
310.9375,522.097794242527,85188026528578.1,3164234923931
312.5,523.690002441406,86841968216633,3277242618718.83
314.0625,525.169982910156,88839242705754.6,3286045796639.39
315.625,526.159973144531,90390348245180.1,3369019329740.42
317.1875,527.274630033053,92079195522295.3,3337155932689.38
318.75,528.619995117188,93291733274818.3,3387808489228.18
320.3125,529.849975585938,94902147374808.1,3416192452754.59
321.875,531.089965820313,96531777557450.4,3439978220745.02
323.4375,532.070007324219,98219787253026,3447353073936.4
325,533.299987792969,99811548601682.4,3524435777162.81
326.5625,534.780029296875,101536111812018,3585647022485.95
328.125,536.010009765625,103493514262089,3595802228221.77
329.6875,537.239990234375,104918338279402,3617422232582.2
331.25,538.412278395433,105910285037353,3640396728263.33
332.8125,539.526874248798,107538850208031,3700789035753.39
334.375,540.929992675781,109417992661651,3727177599224.31
335.9375,541.77560546875,111164627045895,3752503959027.42
337.5,542.890014648438,112828337522334,3790453595437.16
339.0625,544.609985351563,114466616409478,3771716963624.18
340.625,545.839965820313,115933859312752,3875626004730.79
342.1875,547.070007324219,117374739134833,3911962651238.06
343.75,548.360000610352,118716134234837,3919852024137.08
345.3125,549.530029296875,119964821238749,3979092240263.5
346.875,550.75,121222810839036,3903078895970.52
348.4375,551.72998046875,122847368634235,3988284313289.23
350,552.9599609375,123965153677683,4062717998241.28
351.5625,554.190002441406,125531221531683,4059645480818.16
353.125,555.410034179688,126834956462541,4051948825670.8
354.6875,556.880004882813,128473150736332,4166041127589.49
356.25,558.029985351563,129729888560388,4134200069763.02
357.8125,559.163808969352,131618693486384,4174187224518.45
359.375,560.559997558594,133363263008732,4216100095326.96
360.9375,561.780029296875,134932864225779,4197171483778.37
362.5,562.760009765625,136072913491940,4297986473048.97
364.0625,563.97998046875,136926138841286,4296926063859.12
365.625,565.449951171875,138283000892118,4314463907007.96
367.1875,567.160034179688,140409098199178,4321944939008.19
368.75,568.140014648438,142104908808951,4364624036552.77
370.3125,569.359985351563,143736457966377,4426823197915.73
371.875,570.339965820313,143942582180622,4484495779258.78
373.4375,571.559997558594,144504715958137,4465162921118.49
375,572.5400390625,145582379950018,4458758917409.14
376.5625,574.25,147001614523118,4572256691142.52
378.125,575.377666766827,149225860873887,4556131998134.66
379.6875,576.690002441406,150600556284995,4595029999180.1
381.25,577.669982910156,152200680310401,4639957971957.92
382.8125,578.963857797477,153197139793943,4651461413467.38
384.375,579.369995117188,153547317560344,4686165987919.97
385.9375,581.320007324219,154664768409081,4733574086764.52
387.5,582.780423677885,155366835536524,4765488285806.53
389.0625,584,157477648963707,4694086645937.67
390.625,585.27876953125,159378864295167,4778867005289.13
392.1875,586.440002441406,160741964295748,4798971681813.9
393.75,587.660034179688,161848736420217,4860014794241.35
395.3125,588.869995117188,162410144484311,4851230353026.57
396.875,590.329956054688,162679437254327,4920277037683.05
398.4375,591.539987792969,163896149023283,4884892933887.34
400,592.211181640625,164975657627605,4922792387807.84
401.5625,593.72998046875,167327336563121,4961127114250.46
403.125,595.060760498047,168925481515362,4970778453420.52
404.6875,596.220034179688,170562679047791,5049162607552.92
406.25,597.380004882813,171064345376558,5082929114424.12
407.8125,598.829956054688,172095602464080,5150968116268.99
409.375,600.2900390625,172492784814153,5154608344181.55
410.9375,601.260009765625,173942314040378,5192427931874.77
412.5,602.469970703125,175217763895069,5223313241893.34
414.0625,603.846139761118,176974352495347,5254479441833.13
415.625,604.890014648438,178250255196831,5267278251249.49
417.1875,606.292377929688,178961297911894,5305820366873.46
418.75,607.412311260517,178773040539480,5336369724527.96
420.3125,608.713482196515,179284856853072,5291793295365.3
421.875,609.739990234375,179749193586952,5335829744301.83
423.4375,610.949951171875,181311195553470,5377655166899.7
425,612.298490084135,183033828178523,5402540693300.79
426.5625,613.359985351563,184812511814633,5441612794424.01
428.125,614.570007324219,184640954991699,5429423905603.07
429.6875,615.962421875,185182241131014,5544267479662.95
431.25,616.989990234375,185799071482976,5573812635957.02
432.8125,618.199951171875,186926369130145,5579130374839.15
434.375,619.621553861178,188775429202495,5586442838278.33
435.9375,620.849975585938,190577842300526,5567929520481.86
437.5,621.809997558594,192062593091288,5673879711509.44
439.0625,623.112323467548,193284177587278,5726375493537.62
440.625,624.525353064904,193884947424848,5752337507303.45
442.1875,625.429992675781,194792125291115,5830724786897.68
443.75,627.119995117188,195525223847674,5794984936748.2
445.3125,628.559997558594,197228999602081,5857635715308.22
446.875,629.774814453125,198129857147963,5887884517719.03
448.4375,630.72998046875,199827019356242,5883004459162.01
450,631.853195800781,200754517100421,5940704054220.63
451.5625,633.083852914664,201545379154811,5959296758939.22
453.125,634.339965820313,202013433941608,5954903807677.43
454.6875,635.5400390625,202549309535518,6067423506439.9
456.25,636.739990234375,203290447089189,6049012454250.51
457.8125,637.4599609375,205052734848440,6089141603393.61
459.375,639.140014648438,206541231490763,6106993954905.15
460.9375,640.46919133113,209371986832925,6178725042061.67
462.5,641.5400390625,210694331144721,6171189375294.34
464.0625,642.931982421875,211982604689413,6234577849391.36
465.625,644.256789550781,212581013661069,6323157680183.76
467.1875,645.140014648438,213628473359515,6345462419522.35
468.75,646.579956054688,213756226017788,6424796870565.51
470.3125,647.77001953125,216362102902937,6410949363196.45
471.875,649.2099609375,218330063090596,6459603198300.27
473.4375,650.169982910156,221170668207127,6579503911234.77
475,651.369995117188,221436577564302,6497116640188.02
476.5625,652.559997558594,221842432879398,6593209223981.03
478.125,654,221730461351999,6637258271790.76
479.6875,655.190002441406,222967555153984,6679302478029.21
481.25,656.150024414063,224340897873308,6653548531545.58
482.8125,657.579956054688,227320941158990,6693451050057.78
484.375,658.780029296875,229444461600789,6837147692124.15
485.9375,659.969970703125,231137708248955,6919565853328.01
487.5,661.110774113582,231860382158552,6898912708506.34
489.0625,662.599975585938,233155057187691,6983826971319.36
490.625,663.549987792969,233751658874158,7005168360639.99
492.1875,664.97078125,235411931377284,7038403150274.92
493.75,666.179992675781,237296647772878,7010070007241.44
495.3125,667.130004882813,240120759601556,7036998153873.18
496.875,668.799987792969,242453288917274,7131972794996.78
498.4375,669.989990234375,244866539539674,7198871575781.96
500,671.179992675781,245979443484274,7321957888975.01
501.5625,672.369995117188,246191782859697,7353778118447.52
503.125,673.559997558594,246675637244314,7373288599811.29
504.6875,674.75,248940124502885,7365481184247.5
506.25,675.940002441406,250498046495956,7380742758769.79
507.8125,676.985398512621,253732306892384,7478706589548.06
509.375,678.320007324219,256525250955230,7572146267232.63
510.9375,679.944598858173,259985795123165,7653479196945.37
512.5,680.929992675781,261425050871863,7725341181715.45
514.0625,682.119995117188,262843431689505,7696113522133.85
515.625,683.549987792969,263707167088921,7814062215854.24
517.1875,684.72998046875,266126163120965,7771505948463.49
518.75,685.919982910156,268132200645341,7794910276250.17
520.3125,687.109985351563,270788011396855,7871170342938.9
521.875,687.995384803185,272889196228049,7936649304193.29
523.4375,689.9599609375,274695520346325,7992250962258.83
525,690.843620605469,275581213096272,8057103672643.32
526.5625,692.329956054688,276909887950931,8108342451301.65
528.125,693.510009765625,276407012219335,8113289491568.83
529.6875,694.4599609375,277688344781150,8134006802450.01
531.25,695.640014648438,279504372606444,8072786665649.5
532.8125,696.733959960938,281937637619008,8159926209567.95
534.375,697.825401893029,283948742663013,8188323657808.68
535.9375,699.190002441406,286545358805410,8275985116212.23
537.5,700.468458909255,287509346495304,8406544467290.14
539.0625,701.559997558594,289092693423179,8425807592450.68
540.625,702.510009765625,289632426628049,8407737062800.04
542.1875,704.160034179688,293100783750407,8499781706209.19
543.75,705.109985351563,296667498517724,8544860146048.94
545.3125,706.530029296875,299801592003023,8479119507452.49
546.875,707.469970703125,302168577220436,8668722646882.79
548.4375,708.890014648438,303799094222891,8698871853220.22
550,710.309997558594,304662843245272,8788281217117.88
551.5625,711.010009765625,305776291799342,8884953328888.34
553.125,712.900024414063,305797417052545,8775774203055.09
554.6875,713.973811222957,307354993734480,8839779496068.07
556.25,715.260009765625,309067855376733,8769354477837.72
557.8125,716.2099609375,312535013646550,8833275230263.25
559.375,717.390014648438,314299591522290,8929616551499.78
560.9375,718.570007324219,316655324249783,8930713676708.97
562.5,720.219970703125,318397737140893,9105171644471.87
564.0625,721.160034179688,320323856480866,9072071145289.54
565.625,722.099975585938,320817779288876,9173948228832.12
567.1875,723.510419921875,322328524207611,9167501107108.67
568.75,724.690002441406,323245361690378,9107906177324.35
570.3125,725.869995117188,325427643805809,9202090910918.48
571.875,727.049987792969,327233596597131,9269641180408.29
573.4375,728.22998046875,329809244487198,9244303159700.02
575,729.761540339544,332105945687102,9334448100796.99
576.5625,730.349975585938,334240552336479,9340553072989
578.125,731.989990234375,335075498635024,9360348287469.93
579.6875,733.169982910156,337038841354934,9384628532205.81
581.25,734.349975585938,337307490247432,9451364866435.12
582.8125,735.989990234375,338316249089704,9465162869439.86
584.375,737.141184082031,337498460874300,9418557958831.7
585.9375,738.109985351563,338361370612460,9452753084939.85
587.5,739.049987792969,337755228609414,9430433977831.14
589.0625,740.4599609375,339304999490550,9434836665746.72
590.625,741.400024414063,340379419931038,9478401866297.7
592.1875,743.0400390625,343010071172995,9467957878247.27
593.75,744.219970703125,345200726541545,9490421567369.51
595.3125,745.160034179688,347740041428726,9586022859462.04
596.875,746.570007324219,348139298648235,9571939245152.94
598.4375,747.510009765625,348056710976956,9610856033645.97
600,749.05269916241,346885677132278,9612890390585.07
601.5625,750.275768573468,348091126537847,9637297832198.12
603.125,751.5,347980977381512,9609770534859.69
604.6875,752.312758789063,349082363920960,9521143627392.37
606.25,754.079956054688,350204308626446,9590378811893.87
607.8125,755.25,351864965843216,9628075490733.52
609.375,756.190002441406,351105968638718,9682721289676.51
610.9375,757.359985351563,350597687475179,9615804817010.41
612.5,759,348822683972680,9629398600631.68
614.0625,759.940002441406,348249446738417,9563221927496.45
615.625,761.119995117188,348414667482899,9544610557107.21
617.1875,762.2900390625,349323262396193,9515324974315.76
618.75,763.690002441406,349185603912137,9470354026432.45
620.3125,765.276883638823,349584849727015,9469770947269.12
621.875,766.044404296875,347430268241610,9503893536941.23
623.4375,767.440002441406,345867484132170,9511637774632.53
625,768.282705453727,343664227833630,9510964547712.25
626.5625,769.762340839093,343836351117633,9441398245677.55
628.125,770.9599609375,343264837506611,9402200664662.85
629.6875,772.130004882813,344476715061588,9325553548917.26
631.25,773.5400390625,343161560146970,9321178153977.98
632.8125,774.7099609375,342273247606958,9319830046467.9
634.375,775.410034179688,339518832557424,9377909308336.8
635.9375,776.703824556791,337803455048368,9265016958287.2
637.5,778.219970703125,336487763944264,9259239553837.98
639.0625,779.549231896034,337300468502207,9228828887696.87
640.625,780.633610839844,337410804541066,9210062120764.93
642.1875,781.924579326923,338802197931112,9224217005484.99
643.75,783.140014648438,337371588826508,9197148340744.63
645.3125,784.5400390625,335171967151539,9138402319712.62
646.875,785.342843191965,331906110758359,9081221249282.45
648.4375,786.650024414063,329683302475105,9067526545361.68
650,787.819946289063,328343265934202,9017418030132.03
651.5625,789.039985988451,327812556603496,8959906804684.23
653.125,790.390014648438,326647728811220,8813266225046.71
654.6875,791.7900390625,325597040403345,8901417249520.65
656.25,792.951115534856,322352271310735,8836701636241.99
657.8125,793.670043945313,318905704044222,8803176584039.91
659.375,795.069946289063,315420983838911,8732827153475.25
660.9375,796.626887394832,313904661490441,8764597078968.07
662.5,797.446831054688,311612924700137,8611759966335.32
664.0625,798.809936523438,310625857613984,8501050924992.07
665.625,799.900390625,309737561889034,8478708932405.39
667.1875,801.150024414063,309146075801174,8534740778524.82
668.75,802.435141601563,307390231608543,8510868864792.32
670.3125,803.489990234375,304867207728585,8533862087652.06
671.875,804.660034179688,300919839499048,8455261041045.25
673.4375,806.105346679688,297885832194565,8354919268892.25
675,807,295083146879469,8360748207241.89
676.5625,808.400024414063,294139676519119,8211723001504.94
678.125,809.809936523438,293287800707167,8250569453875.61
679.6875,810.97998046875,292027599548356,8190744952462.78
681.25,812.150024414063,289014757025477,8170914952313.53
682.8125,813.199951171876,286545358805410,8100159496644.41
684.375,814.489990234375,283210744945874,8052425899163.28
685.9375,815.660034179688,281009284755783,7936576761604.54
687.5,816.607656625602,278393371139180,7912119336264.97
689.0625,817.989990234375,277120802741563,7851660444794.42
690.625,819.400024414063,275942915236381,7866466461592.79
692.1875,820.569946289063,275440637257018,7813861518648.29
693.75,821.592303936298,273216480620614,7843890460182.15
695.3125,823.140014648438,270745860326455,7746491898467.97
696.875,824.309936523438,267022284478461,7685554651473.54
698.4375,825.25919921875,264725472181031,7647271407006.17
700,826.650024414063,262265177912747,7647610343402.63
701.5625,827.819946289063,260898478412596,7579922356418.66
703.125,828.801541841947,259255698988578,7586636389846.15
704.6875,830.390014648438,258539675523745,7559743366755.33
706.25,831.532338867188,256811152655202,7574129523244.27
707.8125,832.72998046875,254602391306605,7508995080879.45
709.375,833.900024414063,251244710822913,7460662954567.47
710.9375,834.839965820313,248503839451375,7387736824322.45
712.5,836.027700570914,246416166414033,7407351976504.22
714.0625,837.576181265025,244151408596433,7226134523527.87
715.625,838.51153094952,242069312084066,7241486248121.62
717.1875,839.989990234375,240758561041049,7184732724298.95
718.75,841.100801908054,238845259820525,7184533879126.92
720.3125,842.099975585938,238361749601174,7162135979069.08
721.875,843.5,236147560734928,7109125786036.04
723.4375,844.660839843751,233842722221303,7149628480813.32
725,845.839965820313,230746961873830,7108565713760.79
726.5625,847.010009765625,228121117171384,7076936978747.93
728.125,848.239239032452,226111860520099,7010346748352.71
729.6875,849.645161132813,224035042714948,6960635992527.03
731.25,850.989990234375,222332284385736,6893785812380.45
732.8125,851.930053710938,220786614155056,6851943740383.31
734.375,852.869995117188,218805787990472,6833893162870.59
735.9375,854.0400390625,218239119296006,6766857740876.26
737.5,855.680053710938,217315740913524,6819672067212.64
739.0625,856.619995117188,215399244418002,6861841455163.04
740.625,857.7900390625,213049519616892,6789170854182.54
742.1875,859.18994140625,210860454466546,6725589322365.12
743.75,860.130004882813,208575117101633,6718257961260.37
745.3125,861.300048828125,207226153995069,6632156258527.16
746.875,862.7099609375,205458026219692,6642894279124.57
748.4375,864.119995117188,205087670283918,6626135963352.51
750,865.2132421875,203360534514333,6583052469118.18
751.5625,865.989990234375,202048360351869,6603489716016.63
753.125,867.400024414063,199293426220076,6594144368381.54
754.6875,868.812279334436,197808613671205,6580067613932.6
756.25,869.97998046875,195829625278273,6499256957623.92
757.8125,871.150024414063,193924742747844,6491467255116.61
759.375,872.108041616587,192425564096646,6514124001024.57
760.9375,873.260009765625,191539092325536,6375923845792.51
762.5,874.670043945313,190233947415219,6404170897663.56
764.0625,875.793969726563,189375569096928,6340224933110.27
765.625,876.780029296875,187931101678628,6474209431442.98
767.1875,877.489990234375,186751938606948,6440002545615.23
768.75,879.839965820313,185175258605067,6322188255902.4
770.3125,881.010009765625,183396519940479,6360654185026.27
771.875,881.949951171875,181520410541084,6341599200311.41
773.4375,883.119995117188,180307030120481,6313132155701.59
775,884.300048828125,179058905077521,6327071465682.85
776.5625,885.555681501116,178209474339473,6242011584520.47
778.125,886.880004882813,176449116603057,6268476075825.63
779.6875,887.925541992188,174633803207227,6216588130599.41
781.25,889.036151592548,172343675368133,6171704172342.47
782.8125,890.170043945313,171155804511548,6113186462336.79
784.375,891.819946289063,170520884563438,6159655553788.7
785.9375,892.760009765625,169732427727522,6180989604700.65
787.5,893.930053710938,168427882014896,6166870578148.43
789.0625,895.322284405049,167068828671751,6144568890214.59
790.625,896.387338491587,165214883029779,6115649209335.7
792.1875,897.4599609375,163002662896455,6080611049998.72
793.75,898.869995117188,161994823446969,6099746146636.42
795.3125,899.846496582032,160665594576374,6018049802081.65
796.875,901.165367713342,159325701711720,6050035087951.84
798.4375,902.170043945313,158403690793356,6030938521239.75
800,903.526883638823,156331034677702,6005236489594.28
801.5625,904.760009765625,155153576071172,5969338042153.47
803.125,905.93994140625,153440731652034,6015831963537.45
804.6875,907.109985351563,152542849088827,5974432593242.19
806.25,908.547720102164,151416912611216,5968005080847.31
807.8125,909.239990234375,150325023237628,5970301094496.32
809.375,911.119995117188,148248876087168,5999597931845.77
810.9375,912.137324406551,146654136637303,5915134093709.04
812.5,913.239990234375,144949029159062,5909722014687.08
814.0625,913.949951171875,143743991078553,5857451550270.37
815.625,915.314636230469,142788717776427,5887190186285.21
817.1875,916.7704296875,142187351118659,5966226174276.82
818.75,918.199951171875,140611519812163,5914248721514.47
820.3125,919.140014648438,139188169855689,5927454243082.89
821.875,920.461547851563,137573028414953,5894374330254.76
823.4375,921.5,136140022511306,5853194220744.52
825,922.680053710938,134999892513915,5902715557398.65
826.5625,923.859985351563,134300197198662,5832574844378.9
828.125,925.0400390625,132642703476957,5884010323514
829.6875,927.170043945313,127159374519641,5698172955125.94
831.25,928.819946289063,122482812468964,5595278028206.48
832.8125,930,118256594297826,5373202010386.39
834.375,930.949951171875,114038578389069,5287988876740.07
835.9375,932.072407226563,110731202956491,5215606523635.41
837.5,933.374582143931,108186203941325,5201767358205.91
839.0625,934.489990234375,106045166876993,5096842877949.93
840.625,935.910034179688,104044501202352,5116108046779.8
842.1875,936.859985351563,102349880027683,5140759089822.85
843.75,937.942687988282,100894275837486,5082583303225.4
845.3125,939.22998046875,99882737243450.4,5093477534999.32
846.875,940.465416541467,98737507077325.3,5127333540621.86
848.4375,940.995200195313,97934764102176.9,5143869770578.07
850,942.300048828125,96757080780489.7,5197975114712.12
851.5625,943.72998046875,96152145610277.5,5157576987734.88
853.125,944.910034179688,95722838789724.5,5186153325539.06
854.6875,945.859985351563,95545882509195.9,5250498130923.17
856.25,947.280029296875,94563550387680.2,5192982227021.14
857.8125,948.607958984375,94779812627193.9,5297002724060.79
859.375,949.650024414063,94025864756210.7,5327927211232.77
860.9375,950.599975585938,92847367899484.7,5355856541279.05
862.5,951.844642052284,92410325992948.9,5390866080710.81
864.0625,952.969970703125,91999840405890.8,5425025637717.05
865.625,954.160034179688,91945379250037.5,5488671043536.49
867.1875,955.579956054688,91586301242874.1,5446044133032.24
868.75,956.2900390625,91382196848304.5,5555504509541.58
870.3125,957.747661884015,90709747383773.5,5573484283226.9
871.875,958.670043945313,90046387708279.6,5578520033509.78
873.4375,959.907573242188,89209887467334.8,5658069412021.72
875,961.0400390625,89098748150344.8,5656799876488.47
876.5625,962.469970703125,88916382589908.4,5692264043094.37
878.125,963.660034179688,88614883113415.2,5700008736822.86
879.6875,964.369995117188,88411613017995.5,5802956823164.73
881.25,965.800048828125,87589613322623.3,5796467463286.11
882.8125,966.97998046875,86951345897999.4,5813663851761.02
884.375,968.225426307092,86298218845767.6,5807605630407.37
885.9375,969.359985351563,85439238536198.2,5864751343388.93
887.5,970.550048828125,85001369104865.3,5877701929433.5
889.0625,971.739990234375,84603057541605.7,5866391985204.35
890.625,972.930053710938,84434919355429.9,5872545286200.57
892.1875,974.119995117188,83954178325729.3,5941840903253.67
893.75,975.212637094352,83031627482001.8,6026855579219.73
895.3125,976.316171499399,82561031617944,5962845164435.79
896.875,977.699951171875,82312363846117.9,5968631557882.56
898.4375,978.650024414063,81673358170773.3,6046319546733.31
900,979.839965820313,81456626624655.5,6062545095245.66
901.5625,981.030029296875,80977046732690.8,6105301298871.95
903.125,982.183828500601,80471408131387.4,6086095269022.28
904.6875,983.263127253606,79780568153315.4,6034623276850.17
906.25,984.369995117188,79420611416603.6,6081167842280.7
907.8125,985.920043945313,79143846298306.8,6193159644287.13
909.375,986.760009765625,78721991550854,6162071048345.1
910.9375,987.7099609375,78359430444013,6232570285638.1
912.5,989.380004882813,77934283613072.3,6247868665245.91
914.0625,990.339965820313,77354435022521.1,6289240507145.01
915.625,991.77001953125,76768165479813.3,6337677834156.46
917.1875,992.72998046875,76404001923139.9,6289763061674.88
918.75,993.680053710938,75892428206005.2,6312971953606.33
920.3125,994.880004882813,75624646069476.1,6337761517591.48
921.875,996.069946289063,75211780585126.1,6380083831493.26
923.4375,997.030029296875,75115480933622,6398002568436.32
925,998.469970703125,74256981373913.6,6455978945336.32
926.5625,999.420043945313,74076670224745.8,6466824986412.23
928.125,1000.79537259615,73973070076488.5,6417281270442.59
929.6875,1001.87754394531,73981532353396.8,6507612284403.3
931.25,1003.01000976563,73367373772673.4,6497314073757.71
932.8125,1004.44995117188,72917946767316.1,6587003939473.9
934.375,1005.41003417969,72280658993484.6,6552572675057.19
935.9375,1006.60998535156,71801200887024.4,6507959892111.75
937.5,1007.81850961539,71517619398615,6489833794437.96
939.0625,1009,71247457855421.1,6578605561822.78
940.625,1010.19995117188,70905196279920.9,6634897101627.61
942.1875,1011.16003417969,70539429369819.8,6589374378440.59
943.75,1012.59997558594,69967938659372.3,6581284590127.53
945.3125,1013.31994628906,69518829367514.8,6646153475408.32
946.875,1014.76000976563,69245548787615.1,6615909025748.46
948.4375,1015.9599609375,69278575188909,6670985324827.31
950,1017.16003417969,68816007084568.1,6799885841316.54
951.5625,1018.40613731971,68864189037778.8,6721433669381.61
953.125,1019.55993652344,68155698719353.4,6656781806142.73
954.6875,1020.35716901507,67726875765415.4,6648570266960.74
956.25,1021.71997070313,67264319824109.4,6659552649594.3
957.8125,1022.92004394531,67135136019397.4,6634957245199.4
959.375,1024.35998535156,66982154499516.5,6719356592841.43
960.9375,1025.32995605469,66356797638218.8,6717996941565.91
962.5,1026.53002929688,65973557131613.6,6755852754851.57
964.0625,1027.72998046875,65315537501077.8,6678765506095.03
965.625,1028.93005371094,64746223509153.9,6656723245945.91
967.1875,1029.90002441406,64360172195998.8,6709193043467.19
968.75,1031.09997558594,64502372827018.7,6687222144600.41
970.3125,1032.51234788161,64055555874441.4,6633177029915.74
971.875,1033.85153432993,63640166668473.6,6680346779645.81
973.4375,1034.7099609375,63188482347590.5,6815901692985.58
975,1035.92004394531,62407523632833,6639507692427.17
976.5625,1037.14768629808,62039963769122,6642933660415.14
978.125,1038.32995605469,61856918166786.2,6582086398205.83
979.6875,1039.2900390625,61559233117156.7,6618554000503.24
981.25,1040.5,61446233637275,6600593896951.44
982.8125,1041.69995117188,61024347726111.5,6713195338098.01
984.375,1043.37155386118,60680068808191,6578163774344.02
985.9375,1044.35998535156,59833874765499.7,6579664530970.96
987.5,1045.11687762921,59420219059256.8,6600661896500.54
989.0625,1046.53002929688,59398883910866.1,6536117659058.79
990.625,1047.73999023438,59048086011879.8,6588762511142.44
992.1875,1049.12994140625,58615231495133.5,6524015219836.8
993.75,1050.15002441406,58177794545022,6601022204990.85
995.3125,1051.30460298978,57512851475456.7,6545871666733.74
996.875,1052.67148061899,57320831406372.3,6500399118708.43
998.4375,1053.78002929688,57312953496909.7,6436745572462.85
1000,1054.98999023438,57106894061239.7,6488915697793.35
1001.5625,1056.19995117188,56760710354659.1,6403628613431.03
1003.125,1057.16003417969,55788820308282.7,6512246883777.68
1004.6875,1058.61999511719,55547561162814.2,6329370929619.3
1006.25,1059.79734735904,55319632990772.3,6405038069821.7
1007.8125,1060.7900390625,55103973043231.2,6404573880717.46
1009.375,1062.01000976563,54560502153142.8,6422076355091.78
1010.9375,1063.4599609375,54158781144345.5,6373886203779.64
1012.5,1064.63273268479,53522787257508.7,6415342610593.7
1014.0625,1065.64001464844,53186510367422.9,6427335995813.22
1015.625,1066.60998535156,52972762069052.7,6388041149116.65
1017.1875,1068.00994628906,52883988758537.4,6327087183708.53
1018.75,1068.97849684495,52477907114252.6,6325956318726.03
1020.3125,1070.25,51889553748169,6343150465093.77
1021.875,1071.69995117188,51758671217905.6,6337215823651.76
1023.4375,1072.68965332032,51098703965789,6311037398107.86
1025,1073.89001464844,51065509405115.6,6267477978589.68
1026.5625,1075.09997558594,50845629639907.6,6239603016753.32
1028.125,1076.31994628906,50572834116294.6,6379103562551.6
1029.6875,1077.53002929688,49880231397354.7,6316908177351.63
1031.25,1078.87691556491,49249879673915.3,6210844787078.4
1032.8125,1080.0599609375,49068981658787.9,6203091095483.08
1034.375,1081.18005371094,48759523833761.4,6233754757046.6
1035.9375,1082.64001464844,48658390972572.4,6210644340640.88
1037.5,1083.60998535156,48145405728848.7,6123618059413.35
1039.0625,1084.87395019531,47589420924077.2,6097540141530.51
1040.625,1086.2900390625,47205324074314.8,6186237225958.5
1042.1875,1087.20241210938,46759314555753.5,6081875110928.35
1043.75,1088.33229417068,46275258010287.7,6125650592110.05
1045.3125,1089.69995117188,45989727137354.4,6095965622452.06
1046.875,1090.92004394531,45297143652857.8,6110202387699.13
1048.4375,1091.89961425782,44745971081940.6,6000956548205.53
1050,1093.10998535156,44558798392106.6,5991001844436.39
1051.5625,1094.07995605469,44444485077734.8,6058102069627.42
1053.125,1095.65811861479,44636093780136.9,5987888625938.99
1054.6875,1096.77001953125,43878981542180.2,6035333503165.72
1056.25,1097.95999023438,43521736659839.6,5963317606018.45
1057.8125,1099.0849609375,43247329239264.1,5932562094766.87
1059.375,1100.18966909556,43037194576478,5890632965430.34
1060.9375,1101.41003417969,42900721838387.7,5938698262697.28
1062.5,1102.86999511719,42063647125377.9,5959762490614.42
1064.0625,1103.84997558594,41906810415212.6,5894629141919.95
1065.625,1105.12532865084,41424273897858.5,5888563781996.91
1067.1875,1106.2900390625,41331453786654.6,5822967574866.91
1068.75,1107.21848707933,40846873580912.5,5848313647618.69
1070.3125,1108.48999023438,40716878706593.5,5855941013114.04
1071.875,1109.9599609375,40038968675084.9,5777901734118.96
1073.4375,1111.18005371094,39960247080168.1,5852965534695.95
1075,1111.92004394531,39316052815155.8,5766222270358.22
1076.5625,1113.39001464844,39416119844631.4,5713744633595.28
1078.125,1114.54537259615,39051514756787.4,5676243142080.52
1079.6875,1115.67650428185,38566293147062.4,5680710875885.18
1081.25,1116.81994628906,38007816650799.4,5671704724443.51
1082.8125,1117.89604492188,37950361015178.3,5665128225013.15
1084.375,1119.76000976563,37888127864517.6,5612088701911.59
1085.9375,1120.51384089544,37468290164863.6,5588217897511.38
1087.5,1121.71997070313,36925371130062.4,5589529421877.13
1089.0625,1122.86066545759,36445150766780.6,5467731511149.83
1090.625,1124.227736253,36429262681470.7,5539597955573.73
1092.1875,1125.40002441406,36220324000758.4,5439391304809.95
1093.75,1126.38000488281,35964162624408.1,5537104186502.2
1095.3125,1127.60998535156,35885126401741.9,5495454670600.89
1096.875,1128.83996582031,35255612785426.6,5538519183974.97
1098.4375,1129.81994628906,35406115333882.2,5465661318832.57
1100,1131.22004882813,35109542734617.6,5457994114847.87
1101.5625,1132.53002929688,35080903779991.4,5464051180350.46
1103.125,1133.71193284255,34802052831372.8,5433618211560.51
1104.6875,1134.98999023438,34729878588843.4,5492653340039.22
1106.25,1135.96997070313,34287862385942.2,5368810338476.36
1107.8125,1137.44995117188,34158302718333.2,5286303889328.63
1109.375,1138.43005371094,34103727437945.3,5435653725783.27
1110.9375,1139.66003417969,34104379899743.9,5417357326158.07
1112.5,1140.89001464844,33538666294224.7,5396985569112.77
1114.0625,1141.83000488281,33415149148587,5372081879677.66
1115.625,1143.21575458233,33162653085044.7,5404467680048.37
1117.1875,1144.34996582031,33185438391908.8,5369598111096.67
1118.75,1145.57995605469,32980318316643.1,5398488961973.89
1120.3125,1146.80993652344,32723746001377.9,5390549823737.89
1121.875,1148.0400390625,32635375401992,5454995776917.47
1123.4375,1148.78002929688,32512921224651.8,5324422112385.5
1125,1150.02001953125,32221547677156.8,5401623728403.39
1126.5625,1151.35,32248542761073.8,5351409400511.72
1128.125,1152.48999023438,32008753732079.4,5367025983376.18
1129.6875,1153.79689378005,31858395699609.7,5386394336358.3
1131.25,1154.6699609375,31475805997805.9,5383779265015.25
1132.8125,1156.18994140625,31702309684458.7,5337105018569.41
1134.375,1157.43005371094,31376988644078.5,5337503113188.83
1135.9375,1158.42004394531,31369191978914.5,5364514777109.33
1137.5,1159.41003417969,31040372503071.9,5440024539809.77
1139.0625,1160.89001464844,30988164326070,5340040248146.89
1140.625,1162.28385103666,30618213036432.8,5393318664961.56
1142.1875,1163.15845665565,30690526242993.4,5338364752280.94
1143.75,1164.27998535156,30422305399718.6,5372280761966.33
1145.3125,1165.59997558594,30338838880908.1,5262663410305.44
1146.875,1166.79188889723,30053416988639.3,5346430239013.43
1148.4375,1168.07995605469,30190932577157.7,5305941729357.91
1150,1169.30070612981,30167984527616.9,5366529837972.16
1151.5625,1170.35400390625,29875392217232.8,5377876044250.33
1153.125,1171.33004882813,29484748679580.5,5290365072652.2
1154.6875,1172.7900390625,29459634552126.9,5260038846390.57
1156.25,1174.03002929688,29386614880980.7,5304629738157.5
1157.8125,1175.02001953125,29253494673784.3,5340600553496.93
1159.375,1176.51000976563,29207457009038.6,5403798937988.91
1160.9375,1177.75,29061562106132.9,5370649821173.99
1162.5,1178.5,28716152575349.6,5232412490122.72
1164.0625,1179.98999023438,28729726390477.3,5223712271552.12
1165.625,1180.97998046875,28681815035626.6,5243832663140.62
1167.1875,1182.47998046875,28604047474442.6,5277472743130.81
1168.75,1183.46997070313,28461010518479.4,5320484237636.53
1170.3125,1184.56997070313,28187454267122.4,5263336728948.19
1171.875,1185.9599609375,28272633469570.2,5245379326326.93
1173.4375,1186.9599609375,28342113227251.2,5319390064476.56
1175,1187.94995117188,28142305091925.1,5271022468016.83
1176.5625,1189.21918194111,28225411654496.1,5280625353118.26
1178.125,1190.18994140625,28095601340352.4,5332150794899.33
1179.6875,1190.68994140625,28418430194573.7,5306123672607.58
1181.25,1192.43994140625,28203801507088.1,5341118895520.97
1182.8125,1193.43994140625,28288873092784.1,5331760514789.07
1184.375,1194.68005371094,28123232258962,5341350067258.43
1185.9375,1195.93005371094,28276872017677,5291177287722.28
1187.5,1197.10005371094,28112853919569.3,5335250500063.29
1189.0625,1198.18005371094,28254912953376.5,5284214465041.18
1190.625,1199.58389986479,28152681488320.8,5365618841768.44
1192.1875,1200.78004394531,28172985712206,5354497072927.43
1193.75,1201.67004394531,27971909000089.5,5334565109313.88
1195.3125,1203.17004394531,28056805668601.2,5353984379892.99
1196.875,1203.95004394531,27807396319109.4,5383654502029.8
1198.4375,1205.42004394531,27642394578592.5,5401939713337.07
1200,1206.48735163762,27670830778459.4,5371348336317.8
1201.5625,1207.65120755709,27542529709349.9,5343429923952.49
1203.125,1208.93005371094,27530277278490.7,5363119870981.63
1204.6875,1209.95005371094,27654040699554.6,5404883558379.73
1206.25,1211.18005371094,27390600134943,5394718657734.04
1207.8125,1212.68005371094,27454461422778,5407676943252.27
1209.375,1213.93994140625,27147933343956.4,5405402138608.4
1210.9375,1215.18994140625,27276519686844.8,5408296326854.53
1212.5,1216.15994140625,27200610460953.6,5415338621363.16
1214.0625,1217.19995117188,27112439524620.4,5471453689689.13
1215.625,1217.94995117188,26888553275966.3,5391585159779.56
1217.1875,1219.54649939904,27033748302186.6,5410664214044.34
1218.75,1220.5399609375,27068611572009.4,5356382454253.07
1220.3125,1221.96997070313,26715135380962.8,5421297554095.66
1221.875,1222.96997070313,26601227450826.9,5437028099767.9
1223.4375,1224.47998046875,26387142872400,5384347434769.13
1225,1225.22998046875,26568786063326.1,5425182218453.29
1226.5625,1226.73999023438,26538927154681.2,5486852133743.59
1228.125,1227.80769230769,26440293109308,5458793016489.14
1229.6875,1229.01000976563,26360804523049.7,5396580694353.73
1231.25,1230.21001727765,26291170049670.1,5508505440152.27
1232.8125,1231.27001953125,26297529375505,5460372666915.82
1234.375,1233.00080754207,26073936892491,5462321335571.82
1235.9375,1233.7900390625,26061376625487.2,5543004401906.83
1237.5,1235.05004882813,25837031919815.8,5525536810474.11
1239.0625,1236.10993652344,25973743382291.5,5453706842421.02
1240.625,1237.38114746094,25707923576645.4,5535200043547.05
1242.1875,1238.57995605469,25846863487152.4,5491086296722.17
1243.75,1239.522658128,25621841925609.7,5486928364475.05
1245.3125,1240.84997558594,25545545534909.9,5568212419765.38
1246.875,1242.11999511719,25266398977794.8,5570493046818.75
1248.4375,1243.62000488281,25352498314289.7,5522031254847.61
1250,1244.39001464844,25316511047723,5670518855352.06
1251.5625,1245.91003417969,25172871251889.3,5637700481724.92
1253.125,1246.66003417969,24920155624777.7,5634073173706.06
1254.6875,1247.99005371094,24792321196619.6,5592837650744.94
1256.25,1249.18994140625,24788500864986.6,5654071090116.7
1257.8125,1250.2099609375,24976416966561.3,5697923536291.98
1259.375,1251.96074969952,24644132379868.7,5650080845986.3
1260.9375,1252.98999023438,24651059591297.1,5719032960922.34
1262.5,1253.75,24317252545387,5626008901615.63
1264.0625,1255.02001953125,24262372682908.3,5675813771592.26
1265.625,1256.4500390625,24299657814026.1,5718044929429.38
1267.1875,1257.55004882813,24343500535800.4,5695822147202.03
1268.75,1258.30993652344,24207846348256.4,5692171361096.54
1270.3125,1259.83996582031,23953092162914.7,5744126492975.78
1271.875,1261.35998535156,23815349208812.6,5715180113404.53
1273.4375,1262.36999511719,23741073773784,5762518008998.47
1275,1263.64001464844,23727023893190.8,5807227367731.4
1276.5625,1264.41003417969,23453654919198.8,5756877744883.43
1278.125,1265.93005371094,23376415911981.3,5714823924284.89
1279.6875,1267.12649301383,23262197606126.4,5797618627558.52
1281.25,1267.96997070313,23234854926705.5,5729153736438.74
1282.8125,1269.48999023438,23092434568781.7,5833020891208.83
1284.375,1270.76000976563,22791751075872.8,5818266906783.76
1285.9375,1271.78002929688,22682412453695,5776880307979.7
1287.5,1273.09993652344,22816898855568.2,5740796169536.67
1289.0625,1274.07995605469,22436053834005.3,5706272745500.11
1290.625,1274.97301184613,22538249640034.2,5704137821166.06
1292.1875,1276.36999511719,22143861224467.1,5737254276562.07
1293.75,1277.90002441406,22090185910334.8,5742682767914.15
1295.3125,1278.92004394531,22213244666257.2,5749432859113.49
1296.875,1279.93994140625,21658147827342.6,5721235926089.97
1298.4375,1281.46997070313,21706685058361.4,5721447573148.65
1300,1281.97998046875,21576698547472,5772540038292.48
1301.5625,1283.77001953125,21704139290667.8,5746226175152.13
1303.125,1284.7900390625,21526676890378.2,5667791412329.72
1304.6875,1285.80993652344,21330554956937.1,5705249663041.24
1306.25,1286.83996582031,20924293692064.8,5659105990416.18
1307.8125,1288.11999511719,20994430010819.8,5730455850005.43
1309.375,1289.40002441406,20995850124813.2,5686224530781.75
1310.9375,1290.42004394531,20975849050634.5,5672764173615.5
1312.5,1291.69995117188,20736661393419.7,5736872770262.05
1314.0625,1292.97998046875,20438920030546.1,5641750651803.07
1315.625,1294,20440638892232.8,5533111776647.51
1317.1875,1294.77001953125,20339143096025.1,5647277229413.13
1318.75,1294.52001953125,20074885056443.6,5570719062852.74
1320.3125,1294.52001953125,19761410883821,5578561831689
1321.875,1294.52001953125,19445217175307.5,5527592470550.82
1323.4375,1294.52001953125,19261254965133,5534249619519.72
1325,1294.26000976563,18888316237553.7,5436291381348.26
1326.5625,1293.85,18766367673947.7,5381853769104.18
1328.125,1293.23999023438,18622314806869.4,5404234697696.85
1329.6875,1293.75,18102029370025.8,5243783507076.7
1331.25,1293.27922175481,17879094058954.9,5239023172862.04
1332.8125,1293.75,17587133257631.9,5201191395505.19
1334.375,1293.48999023438,17346459783335.7,5122328731337.3
1335.9375,1292.97998046875,17025686517038.4,5084923396353.9
1337.5,1292.97998046875,16645942298096.7,5045839293513.39
1339.0625,1292.71997070313,16619702005181.9,4995531286913.07
1340.625,1292.84477539063,16340052087586.1,4982634218871.94
1342.1875,1292.46997070313,16047551794883.8,4904967704919.15
1343.75,1292.46997070313,15681601336717.7,4882317653572.1
1345.3125,1292.2099609375,15564412312208.8,4717272901095.44
1346.875,1291.9599609375,15376609612642.5,4747015378346.63
1348.4375,1291.69995117188,15112109212569.1,4706206747328.38
1350,1291.43994140625,14912253096776.2,4702398954383.69
1351.5625,1291.28994140625,14800818715267.1,4616521761024.69
1353.125,1291.18994140625,14332808225329.9,4564391096811.85
1354.6875,1290.93005371094,14271577594017.7,4574518423548.18
1356.25,1290.68005371094,13899138450340.1,4534139807658.27
1357.8125,1291.18994140625,13964468380183.3,4463395183157.67
1359.375,1290.68005371094,13527525623000.7,4523973929039.48
1360.9375,1290.68005371094,13346044736165.5,4475115085777.45
1362.5,1290.82428448017,13236802113655,4319242350114.36
1364.0625,1290.42004394531,12990734958398.3,4362651540877.1
1365.625,1290.0473445012,12879811077444.6,4275488207955.17
1367.1875,1290.07349571815,12576529105691.5,4245168246410.44
1368.75,1289.91003417969,12728637352056.1,4233699149901.17
1370.3125,1289.91003417969,12360918857131.4,4241453814195.08
1371.875,1289.91003417969,12174320102242.6,4170127323833.75
1373.4375,1289.65002441406,12016818962571.2,4130432546528.96
1375,1289.44002441406,11866836754523.7,4109944600093.9
1376.5625,1289.40002441406,11768417341594.8,4088323426067.95
1378.125,1289.40002441406,11569743462709.5,3985707245879.42
1379.6875,1289.14001464844,11456200288319.5,4028788218177.86
1381.25,1288.88000488281,11202285899500.6,3900023174441.04
1382.8125,1289.1669122104,11105081063114.4,3980871867360.74
1384.375,1289.14001464844,10950805328664.8,3909400517831.78
1385.9375,1288.88000488281,10883928635108.1,3871555049451.54
1387.5,1288.73577411358,10831255597298,3831111633307.56
1389.0625,1288.40249633789,10706985574956.4,3854657004736.1
1390.625,1288.36999511719,10614920922838.3,3760682457693.36
1392.1875,1288.36999511719,10475335542774.9,3776877256726.57
1393.75,1288.36999511719,10230770415012.2,3798051984441.05
1395.3125,1288.36999511719,10213890855234.4,3745268736263.87
1396.875,1288.11999511719,10088336264702,3684575094781.78
1398.4375,1287.85998535156,9882905092511.87,3654793065496.3
1400,1287.85998535156,9974994144262.52,3532548231080.41
1401.5625,1287.59997558594,9795833396938.72,3696462533510.78
1403.125,1287.59997558594,9728723837474.08,3625421733008.31
1404.6875,1287.34997558594,9863952996678.76,3607582623768.36
1406.25,1287.59997558594,9452751949487.37,3625281771670.93
1407.8125,1287.62997671274,9351763075847.94,3529820261213.14
1409.375,1287.34997558594,9296352894597.3,3414508821153.11
1410.9375,1287.34997558594,9299927666858.59,3487295942754.56
1412.5,1287.08996582031,8918825106530.45,3488138047689.68
1414.0625,1287.08996582031,8850073376878.12,3448880922664.65
1415.625,1287.08996582031,8863670142563.74,3379921897223.84
1417.1875,1286.83996582031,8792174005223.24,3347496302878.32
1418.75,1286.83996582031,8697185419699.88,3371573713085.02
1420.3125,1286.7099609375,8586748661753.43,3309522438256.44
1421.875,1286.57995605469,8448989985164.83,3305308561497.35
1423.4375,1286.57995605469,8377940088756.76,3196683710124.57
1425,1286.32995605469,8308358859674.54,3289829251332.45
1426.5625,1286.06994628906,8136064526285.81,3196296632880.98
1428.125,1285.55993652344,8089527774167.53,3212719803613.95
1429.6875,1286.06994628906,7858567552128.9,3149161858530.87
1431.25,1285.80993652344,8036287891487.75,3232202173312.51
1432.8125,1286.06994628906,7869611279832.16,3087891231718.28
1434.375,1285.87993915265,7683975398041.7,3190683143041.44
1435.9375,1285.80993652344,7577305128119.63,3114903115577.67
1437.5,1285.80993652344,7608967643903.44,3044923647286.03
1439.0625,1285.68493652344,7646950377808.64,3031153591341.32
1440.625,1285.80032113882,7416820347314.51,3005037230898.73
1442.1875,1285.30004882813,7385094156981.22,3037180541756.34
1443.75,1285.30004882813,7270124740072.71,2951845433602.11
1445.3125,1285.30004882813,7351068934748.8,2933477455510.31
1446.875,1285.05004882813,7127833577550.67,2936051072986.94
1448.4375,1285.05004882813,6928919302822.02,2927031049238
1450,1285.05004882813,7016375085325.32,2860282590137.37
1451.5625,1285.05004882813,6816631484195.46,2900852113037.58
1453.125,1285.05004882813,6763200404838.56,2878495441839.45
1454.6875,1284.7900390625,6639230728784.65,2850117351138.48
1456.25,1284.7900390625,6578522063691.58,2787811653685.83
1457.8125,1284.5400390625,6449572795628.58,2802678087078.35
1459.375,1284.48587036133,6709897366695.22,2801450449804.18
1460.9375,1284.5400390625,6526878716522.61,2805318456455.77
1462.5,1284.5400390625,6219889698181.44,2810704489867.47
1464.0625,1284.5400390625,6207824409227.93,2767964143314.22
1465.625,1284.03002929688,6342455765688.16,2729011375383.06
1467.1875,1284.03002929688,6167863265543.61,2698852658524.03
1468.75,1284.03002929688,6237764078573.9,2722516914515.28
1470.3125,1283.84430803572,6116155378681.92,2710327728756.33
1471.875,1283.77001953125,5921838129579.48,2669986363776.87
1473.4375,1283.55001126803,6076449625310.19,2639618297714.36
1475,1283.77001953125,5989249233119.47,2630004625972.69
1476.5625,1283.51000976563,5924455361197.26,2574670694667.08
1478.125,1283.51000976563,5646129233667.86,2581540808523.16
1479.6875,1283,5624105625839.55,2518387548158.66
1481.25,1283.26000976563,5700007073043.13,2516628512484.61
1482.8125,1283.20400390625,5646639841264.38,2536192587995.15
1484.375,1283,5380186767839.37,2456136898364.07
1485.9375,1283.26000976563,5444661920956.85,2497447903044.21
1487.5,1283,5339714324443.99,2497953915445.31
1489.0625,1283,5452194377919.64,2472555546590.66
1490.625,1282.75,5177442503565.49,2434102516278.83
1492.1875,1282.75,5250471328838.67,2374777819870.46
1493.75,1282.75,5251620239187.92,2374766122346.6
1495.3125,1282.48999023438,4931034628189.77,2409725975159.6
1496.875,1282.39383638823,5285837177183.38,2414313294958.4
1498.4375,1281.97998046875,5097009089514.48,2376218862068.8
1500,1282.15678710938,5022894855412.91,2397771194442.79
1501.5625,1282.08306415265,4938694780308.84,2384730831648.97
1503.125,1281.72998046875,4823278603381.98,2276575609035.8
1504.6875,1281.97998046875,4945397737841.78,2270452804448.93
1506.25,1281.97036508413,4906393961772.28,2251552558895.66
1507.8125,1281.72497558594,4800617211886.88,2253202185823.73
1509.375,1281.501171875,4852643298467.36,2258379381381.44
1510.9375,1281.21997070313,4802468445595.71,2154564629567.25
1512.5,1281.46997070313,4772465101700.22,2217908195892.72
1514.0625,1281.21997070313,4844153127832.43,2264556921790.32
1515.625,1281.21997070313,4613959422788.81,2138791482911.42
1517.1875,1280.9599609375,4624364674710.63,2127213896630.91
1518.75,1280.9599609375,4583509837961.1,2132206131783.68
1520.3125,1280.9599609375,4626024538713.68,2162542361329.89
1521.875,1280.89265324519,4453219770757.09,2118143613606.48
1523.4375,1280.79649939904,4328483404679.52,2099188215506.77
1525,1280.9599609375,4489095707612.27,2098806382433.36
1526.5625,1280.8349609375,4429217580121.05,2157875188772.13
1528.125,1280.44995117188,4335633295259.44,2045817692861.48
1529.6875,1280.7099609375,4241985162819.67,2026609624782.01
1531.25,1280.7099609375,4162126376971.96,2057778113627.43
1532.8125,1280.7099609375,4086863578578.47,2018980119698.65
1534.375,1280.19995117188,4025963197722.28,1971044868005.35
1535.9375,1280.43995117188,4044986488463.94,1901527742948.34
1537.5,1279.93994140625,4070074087928.44,1959923815439.61
1539.0625,1280.19995117188,4057243320151.89,1925497424419.43
1540.625,1279.68005371094,3941188840472.27,1992810017064.31
1542.1875,1279.93994140625,3922931893696.98,1898524818380.85
1543.75,1279.87996732272,3949232078060.18,1860872242624.93
1545.3125,1279.68005371094,4076968934253.12,1901956390707.29
1546.875,1279.93994140625,3944699938184.09,1934021605897.14
1548.4375,1279.68005371094,3968574779721.23,1854339152376.45
1550,1279.43005371094,3921973833967.51,1893829920471.84
1551.5625,1279.43005371094,3846902405279.78,1900179683633.06
1553.125,1279.17004394531,3852265082757.71,1842412780850.23
1554.6875,1278.92004394531,3622709161380.85,1866364210051.8
1556.25,1278.66003417969,3621815641344.19,1814081076553.23
1557.8125,1279.12540108817,3679332619644.86,1927604365214.06
1559.375,1278.92004394531,3723507184400.5,1840293167377.85
1560.9375,1278.92004394531,3727400675466.5,1733277176694.67
1562.5,1278.66003417969,3455585616678.26,1786917593632.9
1564.0625,1278.56195537861,3388748968312.84,1724993614380.04
1565.625,1278.41003417969,3380258797677.96,1778661690104.42
1567.1875,1278.15002441406,3520571031334.88,1683713979326.26
1568.75,1278.41003417969,3472183391565.19,1686517877898.45
1570.3125,1277.89501953125,3323763899713.56,1695121372051.08
1571.875,1278.15002441406,3361300046629.09,1727135360771.12
1573.4375,1277.90002441406,3484120639305.09,1709584352350.38
1575,1278.06842285156,3217923648307.34,1737774392569.61
1576.5625,1277.64001464844,3378471411547.31,1685104021549.94
1578.125,1277.64001464844,3339212245165.27,1623120215532.41
1579.6875,1277.64001464844,3141511247449.96,1717413674359.2
1581.25,1277.64001464844,3412432786201.55,1628486169510.71
1582.8125,1277.64001464844,3094208670451.36,1675406906283.91
1584.375,1277.51001464844,3143362654187.42,1700107589547.64
1585.9375,1277.64001464844,3197368188718.94,1569910978423.54
1587.5,1277.13000488281,3309783875530.45,1557007897866.78
1589.0625,1277.13000488281,3148661138029.88,1562963867906.84
1590.625,1276.88000488281,3024882485624.41,1610804348450.8
1592.1875,1277.13000488281,3124594753758.32,1601433182789.37
1593.75,1277.13000488281,2976366804641.11,1618876122952.53
1595.3125,1276.88000488281,3016392141960.85,1591277074427.31
1596.875,1276.88000488281,2901741962943.03,1598394034250.82
1598.4375,1276.88000488281,2909913068715.88,1589903303495.04
1600,1276.88000488281,2866951261887.61,1476191461380.63
1601.5625,1276.36999511719,2897592562478.47,1482013669119
1603.125,1276.61999511719,2757089132144.45,1531601919493
1604.6875,1276.61999511719,2773239627927.06,1433035048769.81
1606.25,1276.88000488281,2893954115667.7,1498499883768.09
1607.8125,1276.61999511719,2905827515829.46,1505563269323.21
1609.375,1276.20806415264,2881250523961.43,1487943485602.03
1610.9375,1276.45653357873,2773430997632.81,1460984064878.47
1612.5,1276.36999511719,2858907851271.04,1443672170209.74
1614.0625,1275.98498535156,2813201290697.32,1464675808080.94
1615.625,1275.86960073618,2685784018452.43,1438691944586.54
1617.1875,1276.10998535156,2655844695163.8,1460685167716.5
1618.75,1275.85998535156,2737874471697.02,1396339335678.88
1620.3125,1276.10998535156,2642822038595.48,1456264373128.36
1621.875,1275.59997558594,2541258536752.8,1386630269236.36
1623.4375,1275.59997558594,2600690250283.06,1351009152563.14
1625,1275.59997558594,2560345675072.6,1337112007286.25
1626.5625,1275.08996582031,2570623231838.14,1334302180295.79
1628.125,1275.34997558594,2495743345884.83,1327945810127.18
1629.6875,1275.08996582031,2572985246172.06,1347568350372.58
1631.25,1275.03227351262,2760280818936.88,1319226759994.72
1632.8125,1275.08996582031,2428587286600.05,1334554446228.46
1634.375,1274.83996582031,2448759833748.27,1321168780782.22
1635.9375,1274.81534517728,2541322384330.94,1340881226688
1637.5,1274.83996582031,2488848845617.49,1306734462242.77
1639.0625,1275.08996582031,2540747756127.65,1262591820416.11
1640.625,1274.77996356671,2370113459770.58,1329450579578.11
1642.1875,1274.83996582031,2396222274428.03,1268798714449.17
1643.75,1274.83996582031,2454313534874.63,1354504319278.69
1645.3125,1274.32995605469,2447738445526.66,1277401062156.93
1646.875,1274.07995605469,2490061949602.19,1227027819582.09
