T_K,J_exp,J_calc,J_sink,J_trap1,J_trap2,J_trap3,J_trap4,J_trap5
3.004299926757810226e+02,3.687663250174877000e+15,2.820528682966485620e+08,1.144301986900658722e+11,7.227695961733388800e+17,4.184455178119549500e+15,3.888221944349293750e+13,3.428460424478726864e+09,0.000000000000000000e+00
3.007947937011720114e+02,2.240300058949578750e+15,7.646190916606564522e+08,1.682362406149492798e+11,4.909801373306919040e+17,2.876430418755137500e+15,2.703572098587515234e+13,2.429209769368698597e+09,0.000000000000000000e+00
3.009775885220229839e+02,2.153976456291220000e+15,9.992634565584448576e+08,1.928542917301164246e+11,3.854402164186248960e+17,2.277660363464871500e+15,2.158830582080350000e+13,1.956825653875087500e+09,0.000000000000000000e+00
3.023599853515630116e+02,1.569185819516611750e+15,2.065822681178802252e+09,3.748900391841352539e+11,6.372139396323669600e+16,4.541308125780139375e+14,5.068004459998174805e+12,5.618440301188726425e+08,0.000000000000000000e+00
3.028861483060400133e+02,2.849452914769699500e+15,2.331257564402901649e+09,4.487811422745405884e+11,4.086881055907273600e+16,3.284677551116357500e+14,3.987304399584026367e+12,4.795363572290543914e+08,0.000000000000000000e+00
3.035700073242189774e+02,2.216802705019973000e+15,2.672093109845796585e+09,5.511153656973624268e+11,2.952433733158595200e+16,2.696144007224671875e+14,3.535915690672597168e+12,4.586094972317667603e+08,0.000000000000000000e+00
3.047699890136719887e+02,2.398385946611908000e+15,3.341721931930836201e+09,7.530307535999746094e+11,2.493823116626166400e+16,2.524681601685061562e+14,3.520528029517437500e+12,4.834501208357142806e+08,0.000000000000000000e+00
3.062200012207030113e+02,4.144473413382680000e+15,4.333730435523106575e+09,1.040591117178774414e+12,2.462629731642832400e+16,2.604925967623773750e+14,3.760116369858205078e+12,5.402688247282890081e+08,0.000000000000000000e+00
3.076600036621089771e+02,3.368127387649599500e+15,5.593703640579504013e+09,1.388856912942278076e+12,2.513506942991916800e+16,2.733513025860991250e+14,4.056937190314461426e+12,6.068406855458663702e+08,0.000000000000000000e+00
3.093500061035160229e+02,2.094097416143303750e+15,7.501670414435796738e+09,1.895475808512306885e+12,2.588865041149764000e+16,2.899528060014740000e+14,4.439858294760659180e+12,6.948193046233854294e+08,0.000000000000000000e+00
3.117600097656250000e+02,1.383421024216548000e+15,1.138582760790458298e+10,2.883486883962605957e+12,2.702282725746397200e+16,3.153584317293859375e+14,5.045595147511124023e+12,8.419168613947259188e+08,0.000000000000000000e+00
3.139946054311899957e+02,1.165230284444299750e+15,1.662774598645555496e+10,4.171227117032292480e+12,2.811403409286363600e+16,3.406409479254085625e+14,5.671611997561820312e+12,1.003824317088325143e+09,0.000000000000000000e+00
3.168200073242189774e+02,1.459404253560253000e+15,2.661663444482961273e+10,6.546279341083911133e+12,2.954471280208103600e+16,3.751064061080256875e+14,6.561553464574463867e+12,1.248206106475768805e+09,0.000000000000000000e+00
3.195715355506309834e+02,1.211188973104332750e+15,4.167736577813169098e+10,1.001152383857292578e+13,3.098979161914376800e+16,4.114563479964848750e+14,7.543999219468946289e+12,1.537209790171378374e+09,2.782261537975072861e+04
3.226188518817609747e+02,5.168890958943920000e+14,6.798375770657352448e+10,1.585508706089944922e+13,3.264815445028007200e+16,4.551364275014177500e+14,8.782660195981662109e+12,1.927694035098607302e+09,0.000000000000000000e+00
3.259799804687500000e+02,2.821309524128969500e+15,1.154213200252522430e+11,2.598077820802330859e+13,3.454477429655017600e+16,5.076859064025609375e+14,1.035280637274251758e+13,2.462464070487637043e+09,2.887738460565358400e+04
3.293599853515630116e+02,7.778967952028290000e+14,1.937706146347175903e+11,4.201538575787930469e+13,3.652000063296008000e+16,5.653448725870267500e+14,1.216999527741548633e+13,3.132184942185678482e+09,0.000000000000000000e+00
3.327855957031250114e+02,1.622549359517534750e+15,3.253664867930426025e+11,6.775801858680923438e+13,3.859118800749124000e+16,6.291446269869261250e+14,1.429342828161211914e+13,3.980404705856637478e+09,0.000000000000000000e+00
3.360051867675779818e+02,2.079525141979111750e+15,5.234975816479478760e+11,1.048418350511097500e+14,4.059831198170387200e+16,6.941913829096371250e+14,1.657201189111415820e+13,4.959414348652696609e+09,1.915526769716851413e+04
3.392699890136719887e+02,2.002226445078977000e+15,8.390487261577326660e+11,1.613252600206897500e+14,4.269212049520408000e+16,7.654587770815171250e+14,1.919430487779927734e+13,6.169859372367136002e+09,4.263938460564613342e+04
3.431399841308589771e+02,1.148939644555411750e+15,1.453639384957403809e+12,2.656674937639580312e+14,4.524953822651220800e+16,8.573427934833116250e+14,2.276280578492826562e+13,7.952358476382827759e+09,2.960781538801211864e+05
3.458099975585939774e+02,2.985568859599464000e+15,2.108339052829602051e+12,3.714512908683971875e+14,4.706025285212358400e+16,9.256179261163237500e+14,2.554431745675898438e+13,9.440624784551404953e+09,1.383213846056386828e+05
3.494400024414060226e+02,1.455981747771473000e+15,3.454972128606310059e+12,5.777307453315647500e+14,4.958063301010122400e+16,1.025084363712508375e+15,2.978377291340230078e+13,1.186324201642030144e+10,2.281053846056684852e+05
3.528399963378910229e+02,3.625364919952408500e+15,5.457091093611920898e+12,8.646574647257270000e+14,5.200307975354962400e+16,1.125742037510334250e+15,3.429736490389623047e+13,1.463831442751829720e+10,2.579283077606074512e+05
3.564061373197120020e+02,3.910439575572148500e+15,8.697726122965477539e+12,1.296050578277105750e+15,5.460437444836320000e+16,1.239203556132395000e+15,3.963330177711318750e+13,1.815316471123449326e+10,3.913184615579843521e+05
3.596399841308589771e+02,5.002150381801800000e+15,1.320691893070496680e+13,1.846624272398134500e+15,5.701754465662866400e+16,1.349662189547708750e+15,4.507892119653378125e+13,2.199270075711706924e+10,5.283027692113593221e+05
3.629746046799879764e+02,6.801170521258910000e+15,2.014256494199026172e+13,2.614864634655977500e+15,5.955779112333500000e+16,1.471289173552226250e+15,5.134444772046442969e+13,2.670000988591999817e+10,6.961278460857309401e+05
3.662099914550780113e+02,7.567845125323790000e+15,3.008039411622907031e+13,3.598646396810683000e+15,6.207174345789811200e+16,1.597086111635481250e+15,5.810914147061674219e+13,3.210705199657283401e+10,1.595189230915084481e+06
3.691300048828130116e+02,9.555323715717998000e+15,4.297435677967679688e+13,4.728823732838558000e+15,6.438230453843095200e+16,1.717567719448139250e+15,6.485259065435842188e+13,3.781955652738683319e+10,1.882621461514050141e+06
3.725499877929689774e+02,1.107886854013297000e+16,6.473852041798093750e+13,6.386453215809953000e+15,6.713762862575900000e+16,1.867286864928018750e+15,7.357542442206118750e+13,4.564945224391560364e+10,2.079394846246432513e+06
3.757292316143330027e+02,1.326906071141712800e+16,9.423228445925671875e+13,8.300265908475316000e+15,6.974716611700616800e+16,2.015264054753948500e+15,8.256198376694139062e+13,5.421538606228161621e+10,3.020697384776022285e+06
3.786499938964839771e+02,1.510273087670301000e+16,1.321878817051540000e+14,1.040966908755540800e+16,7.218506411164340800e+16,2.158855946573542000e+15,9.161119995895204688e+13,6.331538666142390442e+10,3.418091076908519492e+06
3.823099975585939774e+02,1.709483502686823000e+16,2.004937262232842812e+14,1.359186626019743400e+16,7.529625260435662400e+16,2.349618165191122000e+15,1.041175297915226875e+14,7.663734005257849121e+10,4.161390230725374073e+06
3.854438382662260096e+02,1.865712290894599200e+16,2.846164380758746875e+14,1.685637336916280800e+16,7.801190054302883200e+16,2.522947485510144000e+15,1.159418708923944688e+14,8.998223274869406128e+10,5.661209000160614029e+06
3.884299926757810226e+02,2.281119832582467200e+16,3.954436960167950625e+14,2.049508483342876000e+16,8.064688201028774400e+16,2.697106006118885500e+15,1.282479982709225938e+14,1.046019237618701935e+11,7.637402461577326059e+06
3.916011493389430029e+02,2.581278612236986800e+16,5.581032505321766250e+14,2.500025810926268000e+16,8.350024388272340800e+16,2.892163972932386000e+15,1.425182343389235000e+14,1.224458336872194214e+11,9.099011461719328538e+06
3.950499877929689774e+02,2.773882259931884800e+16,8.062721098629137500e+14,3.074012611321911600e+16,8.667476609316409600e+16,3.116613920770333500e+15,1.595395589257185625e+14,1.448955241459592896e+11,1.197819700019004568e+07
3.987299804687500000e+02,2.972968887288179600e+16,1.184676798667772000e+15,3.796224619630790400e+16,9.015704195232427200e+16,3.371126816721681000e+15,1.795741839935189688e+14,1.728401079359980774e+11,1.525389138498516381e+07
4.016699829101560226e+02,3.357356946587040800e+16,1.602550178519646500e+15,4.465552213315982400e+16,9.302313499656848000e+16,3.586430161935625000e+15,1.970952828110120000e+14,1.985451251412396240e+11,1.891472792321780697e+07
4.043800048828130116e+02,3.855006789181225600e+16,2.107328169620161750e+15,5.162915061336020800e+16,9.574363751954142400e+16,3.794931390836255500e+15,2.145267378725573125e+14,2.252106867487539368e+11,2.305968923104263842e+07
4.079619995117190001e+02,4.346628963610428800e+16,3.014396238717752000e+15,6.219745425981940000e+16,9.948498849952867200e+16,4.087020088599999000e+15,2.396734096467937500e+14,2.655222821785038452e+11,2.898003024643652141e+07
4.110199890136719887e+02,4.738122854047501600e+16,4.066680385448479000e+15,7.253231590285456000e+16,1.028376414219772160e+17,4.352329179513034000e+15,2.631635578027869375e+14,3.049576438457235107e+11,3.590578092340803146e+07
4.142200012207030113e+02,5.242146327506992000e+16,5.532633108628755000e+15,8.478755713061643200e+16,1.065448318316897280e+17,4.647710051708881000e+15,2.899615260306558125e+14,3.518844043410638428e+11,4.367863892334432155e+07
4.172043872070310044e+02,5.911054177881692000e+16,7.340013352044059000e+15,9.768380685268752000e+16,1.102346752831530080e+17,4.941872995775289000e+15,3.172379605885605000e+14,4.016063344008765869e+11,5.347114143432218581e+07
4.201692041015630252e+02,6.643588111784171200e+16,9.675421216797394000e+15,1.120176065284946720e+17,1.141791805761795520e+17,5.254540896696759000e+15,3.467667402196361875e+14,4.574429123050550537e+11,6.512020755142351985e+07
4.235799865722660229e+02,7.523158844227579200e+16,1.321491676985194400e+16,1.305374530652706080e+17,1.191509955426337920e+17,5.643577077598210000e+15,3.841177276343005625e+14,5.307243414231739502e+11,8.029223261628226936e+07
4.267899780273439774e+02,8.252134930845436800e+16,1.762885839737590400e+16,1.501373162202893120e+17,1.243763209897218560e+17,6.044224549695470000e+15,4.231092286739955625e+14,6.100141492396395264e+11,9.888758915476714075e+07
4.297500000000000000e+02,9.438823579279128000e+16,2.286935379393765200e+16,1.701921969772317760e+17,1.297830678894282560e+17,6.448965924810074000e+15,4.628552848059764375e+14,6.933165966769451904e+11,1.188084726934413612e+08
4.329599914550780113e+02,1.098762160294220000e+17,3.015705750206113600e+16,1.942510270853949760e+17,1.364542932374203040e+17,6.934604625789214000e+15,5.108177301461743125e+14,7.966565415294200439e+11,1.453652373860593438e+08
4.361699829101560226e+02,1.247071908078698720e+17,3.950730241629712800e+16,2.208423937616405120e+17,1.441700986073244480e+17,7.479199718220734000e+15,5.647429779159705000e+14,9.158402033441586914e+11,1.773254162323675454e+08
4.393992356520440126e+02,1.418916547526860800e+17,5.148010584025592000e+16,2.502843056471658880e+17,1.532458784328427840e+17,8.100226499460499000e+15,6.262212967605215000e+14,1.054796216100621094e+12,2.164194723865371048e+08
4.418499755859380116e+02,1.629329608548238720e+17,6.269935867674896000e+16,2.745655157227203200e+17,1.612412918348665280e+17,8.633018017369319000e+15,6.788559381123783750e+14,1.175902706756127930e+12,2.522318815407073796e+08
4.452330744816709966e+02,1.843617317661542080e+17,8.162590133468236800e+16,3.108038705734580480e+17,1.740999298957522880e+17,9.470099079190930000e+15,7.612909773168643750e+14,1.368555592141385986e+12,3.108180588489770889e+08
4.487699890136719887e+02,2.112798800574310720e+17,1.065671310116774880e+17,3.522562852332859520e+17,1.903463566610930880e+17,1.050360809300842200e+16,8.626503159568430000e+14,1.609454598414868164e+12,3.877972695420939922e+08
4.519515286959140212e+02,2.389973942466997440e+17,1.342068486750252320e+17,3.926987776314099840e+17,2.078941930681134080e+17,1.160257982123424400e+16,9.700846271241410000e+14,1.868590070139198975e+12,4.741876760045908093e+08
4.549599914550780113e+02,2.690544463353323840e+17,1.654801785899764480e+17,4.337269249921400320e+17,2.275096675025021760e+17,1.282101758748275400e+16,1.089030653524414375e+15,2.159317497252781006e+12,5.747459407745835781e+08
4.579199829101560226e+02,3.096207722097783680e+17,2.015990311405076160e+17,4.767516416577226240e+17,2.501142927466442880e+17,1.422227197017208200e+16,1.225917671953708000e+15,2.498324834600930176e+12,6.956846365453065634e+08
4.612700146484380070e+02,3.538620654697582080e+17,2.492697412148497600e+17,5.286023115031742720e+17,2.801515800322862400e+17,1.609193103088874000e+16,1.409178444155690500e+15,2.958995085422700684e+12,8.659924561312788725e+08
4.641384465144240039e+02,4.075081446492280960e+17,2.961174054785337600e+17,5.756928604126344960e+17,3.101100465235504640e+17,1.797564093605570400e+16,1.594968518379439500e+15,3.433744993334221680e+12,1.048233617317919850e+09
4.675799865722660229e+02,4.671098228076515200e+17,3.595457297170814080e+17,6.354032510406059520e+17,3.515826037383724160e+17,2.062622064244939200e+16,1.858862585130721750e+15,4.120745980485260742e+12,1.321552738013762474e+09
4.706171850585939751e+02,5.304208001472791040e+17,4.219036347823243520e+17,6.910506937198012160e+17,3.935511783608265600e+17,2.336986291229947200e+16,2.135513753829751250e+15,4.856571180088047852e+12,1.626075513020005465e+09
4.735199890136719887e+02,6.059196992145365760e+17,4.866450120445086720e+17,7.468372664962743040e+17,4.384756232247875840e+17,2.638317264745932000e+16,2.443694746229183500e+15,5.694230759775781250e+12,1.985144471713318348e+09
4.767299804687500000e+02,6.830101727483499520e+17,5.635596204321623680e+17,8.116307499757450240e+17,4.937414069128382720e+17,3.021070044725283200e+16,2.841993185653267500e+15,6.804182089882035156e+12,2.480545155333630562e+09
4.804211660531850043e+02,7.679445250916778240e+17,6.577891845903500800e+17,8.902776533686064640e+17,5.642003901661515520e+17,3.529433728518559600e+16,3.382552719547479000e+15,8.356100906913032227e+12,3.205427594034261227e+09
4.829199829101560226e+02,8.536750353501611520e+17,7.246387516248412160e+17,9.463008771296239360e+17,6.160455867179816960e+17,3.919835223262280000e+16,3.806830285494037000e+15,9.610236294454363281e+12,3.816550645577831268e+09
4.861400146484380116e+02,9.496670418828623360e+17,8.136577171085068800e+17,1.021868836295152896e+18,6.872286511544394240e+17,4.479014417206234400e+16,4.427343652425560500e+15,1.149548762136578906e+13,4.772876438125526428e+09
4.890835791015629752e+02,1.050340675709420928e+18,8.974967921101370880e+17,1.094533700281775360e+18,7.563481134588417280e+17,5.049990411435578400e+16,5.076221145189831000e+15,1.352880378383704492e+13,5.850876617296364784e+09
4.924546227088339947e+02,1.160409949085276928e+18,9.959661003301890560e+17,1.182080961649255168e+18,8.396994749532290560e+17,5.777490749623872000e+16,5.923824838793106000e+15,1.627130723807589648e+13,7.372229050384816170e+09
4.957899780273439774e+02,1.279575644811776512e+18,1.095806825835785600e+18,1.273495667390946048e+18,9.261713977932590080e+17,6.582295686766410400e+16,6.887699686153872000e+15,1.950178494488988281e+13,9.255632962709403992e+09
4.987173133263220279e+02,1.405967683516761600e+18,1.185302552249916672e+18,1.357579156109752832e+18,1.004872706102998528e+18,7.361484082146510400e+16,7.844599571748769000e+15,2.281283732331215234e+13,1.127458792572907829e+10
5.019875008719309903e+02,1.527108020901101824e+18,1.287425986562871808e+18,1.455809760333065472e+18,1.095574989710187904e+18,8.320161313578475200e+16,9.051861089866922000e+15,2.712549724199123828e+13,1.402541014167623138e+10
5.054299926757810226e+02,1.662969699564463872e+18,1.397469584705271040e+18,1.563983586808986112e+18,1.193822063187147520e+18,9.437180995681476800e+16,1.049614710371121400e+16,3.246028101381878906e+13,1.759354687271481323e+10
5.086400146484380116e+02,1.791668429214660864e+18,1.502652164402848768e+18,1.669303884512452096e+18,1.287747670155425024e+18,1.059151243447302880e+17,1.202863734807389200e+16,3.831305404040674219e+13,2.169872937559799194e+10
5.117127783203130207e+02,1.919615833787495936e+18,1.605725372503160064e+18,1.773952102119859968e+18,1.379433769466436096e+18,1.180608871246533120e+17,1.368014836676109400e+16,4.481350935816040625e+13,2.646029327424097443e+10
5.146876049804690183e+02,2.043248662840716544e+18,1.707817391938070528e+18,1.878741846879422208e+18,1.469621223458313984e+18,1.309443894555535680e+17,1.547213973591667800e+16,5.207053672141753906e+13,3.199961853778069687e+10
5.180200195312500000e+02,2.177348315592707584e+18,1.824913186416870144e+18,2.000053762738582016e+18,1.572007168116731648e+18,1.468314080432743360e+17,1.773423067698568800e+16,6.150298867733635938e+13,3.951184913882843781e+10
5.214699707031250000e+02,2.296358338772987392e+18,1.949089798088662272e+18,2.129740716503303424e+18,1.679085301430428160e+18,1.650466609371632320e+17,2.039193338941547200e+16,7.292477170825754688e+13,4.902003813438874817e+10
5.241900024414060226e+02,2.424662191010588672e+18,2.049068530119507456e+18,2.234819199025930496e+18,1.763957980523628288e+18,1.808459181555671680e+17,2.274945241807677200e+16,8.333794412452715625e+13,5.804493839452330017e+10
5.273900146484379547e+02,2.537742709922917376e+18,2.168778256155145216e+18,2.361292029345647616e+18,1.863860665674246656e+18,2.011643129496200640e+17,2.584515122239772000e+16,9.735942191098412500e+13,7.065780374501188660e+10
5.300999755859379547e+02,2.656781328953641984e+18,2.271787525467148800e+18,2.470672375891151360e+18,1.948104562995224320e+18,2.200282743318843840e+17,2.878133400268108400e+16,1.109991532382407188e+14,8.339649327882441711e+10
5.336392540564910405e+02,2.773689722074738176e+18,2.408134746588263424e+18,2.616194377651785728e+18,2.056967927910215936e+18,2.471051239601101440e+17,3.308994321208561600e+16,1.315340074520519844e+14,1.033224723174057159e+11
5.367500000000000000e+02,2.895941272437271552e+18,2.529291886499957760e+18,2.746245821650542080e+18,2.150833482328382464e+18,2.734529074369540480e+17,3.738375184062736800e+16,1.525578955865350000e+14,1.245606041866559601e+11
5.398276883638819754e+02,3.006230098130249216e+18,2.649915461957954560e+18,2.876460810339781632e+18,2.241279000263795968e+18,3.020894349014474880e+17,4.215613488321848000e+16,1.765068393156731562e+14,1.496596141233251953e+11
5.427364208984380411e+02,3.120317474589386752e+18,2.764177280282708992e+18,3.000543550040640512e+18,2.323842768300990464e+18,3.317141058243233280e+17,4.720262218962867200e+16,2.024302306129773438e+14,1.777943472659284058e+11
5.460899658203129547e+02,3.228470036771102720e+18,2.895649858210179072e+18,3.144294081137724928e+18,2.414558455917751808e+18,3.692535192429889280e+17,5.374989890537771200e+16,2.368904341804106250e+14,2.165786311779498291e+11
5.492800292968750000e+02,3.339341480238132224e+18,3.019844577114553344e+18,3.281139492472889344e+18,2.495439446776816640e+18,4.086035369876217600e+17,6.078678127696654400e+16,2.748577576528549062e+14,2.609212901955961304e+11
5.517395958533650173e+02,3.439134299933311488e+18,3.114602793540558336e+18,3.386314605170556416e+18,2.553460555672774656e+18,4.416115577556100480e+17,6.682425496514945600e+16,3.081409802253068125e+14,3.010569400922258911e+11
5.551699829101560226e+02,3.542217594152124928e+18,3.244756467532313600e+18,3.531919910084176384e+18,2.627222860925135872e+18,4.917471137795845760e+17,7.621780953551915200e+16,3.610788244334552500e+14,3.670185072737044067e+11
5.583891748046879684e+02,3.640734559519843328e+18,3.364161887451013632e+18,3.666743250124126208e+18,2.687809792087977472e+18,5.434637224462408960e+17,8.618350263196190400e+16,4.186364388110853750e+14,4.413829039859299316e+11
5.615400390625000000e+02,3.739722995428536832e+18,3.477825674277862912e+18,3.796256935934166016e+18,2.737823298047105024e+18,5.988607321258448640e+17,9.716933660152198400e+16,4.836177948943809375e+14,5.283313075712459106e+11
5.643053635817309441e+02,3.828884419531925504e+18,3.574599360348217856e+18,3.907417425667283968e+18,2.773518375181729280e+18,6.515462823038081280e+17,1.079089203549016480e+17,5.485388271437384375e+14,6.179959730203162842e+11
5.674100341796879547e+02,3.923367932676431872e+18,3.679543791492673024e+18,4.028845303255458304e+18,2.803727413280581632e+18,7.154552556106096640e+17,1.213172845149120960e+17,6.313686432860437500e+14,7.360405738546121826e+11
5.705899658203129547e+02,4.010928597148133376e+18,3.782553350651993600e+18,4.148816254689746944e+18,2.822951193699283456e+18,7.864377944069349120e+17,1.367116272485763360e+17,7.287409963351983750e+14,8.795926388521281738e+11
5.737138577974759528e+02,4.103816165759989248e+18,3.879143928559075840e+18,4.261785328429325312e+18,2.829866843947144192e+18,8.617069731883125760e+17,1.536153064456161280e+17,8.382039734911021250e+14,1.046440305541695190e+12
5.766900024414060226e+02,4.182486210366834688e+18,3.966805675461684736e+18,4.364410952138803200e+18,2.825067907865391104e+18,9.386051145209143040e+17,1.715169277271366400e+17,9.568145154685213750e+14,1.233124194798475342e+12
5.798411395733179461e+02,4.252219262894610432e+18,4.054946476165914624e+18,4.467255545952274944e+18,2.807602951919360512e+18,1.025591084453964416e+18,1.925718421909992000e+17,1.099630317361765125e+15,1.465321054223800781e+12
5.828340332031250455e+02,4.324662177626619904e+18,4.134348957822324736e+18,4.559090597289093632e+18,2.779320954599223808e+18,1.113393835130248320e+18,2.147278522723009920e+17,1.253514391514678000e+15,1.723718283476506836e+12
5.857664982722360492e+02,4.407443551913825280e+18,4.208288590680888320e+18,4.643332579204753408e+18,2.740784627746983424e+18,1.204149059903607040e+18,2.386398524618227520e+17,1.423494808420368750e+15,2.018184791479526855e+12
5.891199951171879547e+02,4.483359044960593408e+18,4.288570974643563520e+18,4.732613065286445056e+18,2.684146933918341120e+18,1.313306327347919360e+18,2.688609611309032640e+17,1.643791157833500250e+15,2.412717914935838867e+12
5.919219595102159701e+02,4.558917331766025216e+18,4.352578321247571456e+18,4.801506409020788736e+18,2.627193279270025216e+18,1.408506837342525696e+18,2.966328944798243840e+17,1.851358393063578000e+15,2.796730406192327148e+12
5.949499511718750000e+02,4.641232875563704320e+18,4.419154880686410240e+18,4.870422295629611008e+18,2.556745358623768576e+18,1.514915758592357632e+18,3.293737930730593280e+17,2.102026192463975250e+15,3.274986190049090332e+12
5.980999755859379547e+02,4.711765133822818304e+18,4.486198551413700608e+18,4.936511606546464768e+18,2.474802958306432000e+18,1.628809043437276928e+18,3.666173111030536960e+17,2.394667041130846500e+15,3.851852018449348633e+12
6.010007887620190559e+02,4.788179928424365056e+18,4.546568888876772352e+18,4.992950465204790272e+18,2.392709629414711296e+18,1.735853093749457408e+18,4.039554285851886080e+17,2.695765213297873500e+15,4.464718381620594727e+12
6.039199829101560226e+02,4.867021644191056896e+18,4.606628308732965888e+18,5.046285056025625600e+18,2.304940627706338304e+18,1.844890225735704576e+18,4.446096219500170880e+17,3.032004942834070000e+15,5.170456905224519531e+12
6.070900073242189592e+02,4.942975445924903936e+18,4.671763927479010304e+18,5.101351441349023744e+18,2.205224006447586304e+18,1.963865880033952256e+18,4.924227091168357760e+17,3.438221813156397000e+15,6.050833983033529297e+12
6.104599609375000000e+02,5.017151208800072704e+18,4.741710057105378304e+18,5.158094006876675072e+18,2.095922699926412032e+18,2.089862500332856064e+18,5.476223241518648320e+17,3.921031286760384500e+15,7.133424356115695312e+12
6.136099853515629547e+02,5.079583777616333824e+18,4.808481030075385856e+18,5.210935673722440704e+18,1.992228164112090368e+18,2.206063422360074752e+18,6.035927401129387520e+17,4.425452160288955000e+15,8.303953481086603516e+12
6.162600097656250000e+02,5.133860844569754624e+18,4.866110863873810432e+18,5.256297828988153856e+18,1.904900436444665856e+18,2.301916498973554944e+18,6.540400292631247360e+17,4.892208631664691000e+15,9.419583746932041016e+12
6.194000244140629547e+02,5.184923440722348032e+18,4.936543016150371328e+18,5.312262353824034816e+18,1.802347307032436736e+18,2.412422700349442048e+18,7.179929491512513280e+17,5.499898526846732000e+15,1.091546552982440430e+13
6.227224267578129684e+02,5.254933413320711168e+18,5.014063725996067840e+18,5.375419656956839936e+18,1.696041303814194944e+18,2.524700794527668736e+18,7.909509155403495680e+17,6.214645416764599000e+15,1.273398835986112500e+13
6.260576923076929461e+02,5.315930423654463488e+18,5.095240012758051840e+18,5.443967472468901888e+18,1.592513475300996096e+18,2.631765448063387648e+18,8.698446930133886720e+17,7.011868216002598000e+15,1.482992550504582812e+13
6.287999877929689774e+02,5.367511575228044288e+18,5.164665000971479040e+18,5.504860630598006784e+18,1.510330059020236032e+18,2.714906894182291456e+18,9.392160945750848000e+17,7.733219968169596000e+15,1.678325062167015430e+13
6.316728384835380439e+02,5.409920766538003456e+18,5.240045211061773312e+18,5.573445419595534336e+18,1.427422766368059136e+18,2.796768000756041216e+18,1.016462797445849728e+18,8.558172445110011000e+15,1.907803174653215625e+13
6.346353525015030073e+02,5.481329342085088256e+18,5.320630920143313920e+18,5.649591183685629952e+18,1.345605051867628032e+18,2.875053309015230464e+18,1.101285246860333440e+18,9.489856337439626000e+15,2.174242063205960156e+13
6.376999511718750000e+02,5.552516471100598272e+18,5.406983700524495872e+18,5.734274173389686784e+18,1.265058524293994752e+18,2.948979884922634240e+18,1.194830073191439872e+18,1.054804505652502400e+16,2.485511210483446484e+13
6.408200073242189774e+02,5.639673849642896384e+18,5.497893953520835584e+18,5.826602490173132800e+18,1.187378412892864768e+18,3.016409977244519424e+18,1.296404179968975872e+18,1.173275657197658000e+16,2.844042342068903125e+13
6.436999511718750000e+02,5.712153693823190016e+18,5.584334716435757056e+18,5.917103671989187584e+18,1.119510991969520512e+18,3.071287136465662976e+18,1.396061743973670144e+18,1.293055756432319400e+16,3.216455980544327344e+13
6.468200073242189774e+02,5.803151613134427136e+18,5.680557873092806656e+18,6.020611138784922624e+18,1.050090537961995264e+18,3.122322223534697472e+18,1.510739655750011392e+18,1.435230549646837800e+16,3.670571102121639844e+13
6.499299926757810226e+02,5.880333141806448640e+18,5.778912758524014592e+18,6.128987266383054848e+18,9.849839638891909120e+17,3.164200436620300800e+18,1.632203853140261120e+18,1.590840244321114600e+16,4.181433219907764062e+13
6.530307875413160446e+02,5.964553034269986816e+18,5.879189908408751104e+18,6.241712676040970240e+18,9.239672894865863680e+17,3.196738652275693568e+18,1.760645659037173760e+18,1.761023141180197000e+16,4.755473099199817969e+13
6.556699829101560226e+02,6.033123552944443392e+18,5.966120934526164992e+18,6.340902514304452608e+18,8.749546529068980480e+17,3.217037075757796864e+18,1.875863970541368576e+18,1.918645046776265200e+16,5.300438003365258594e+13
6.590800170898439774e+02,6.124535207321260032e+18,6.080405723609238528e+18,6.472862556398403584e+18,8.154246048126624000e+17,3.232970703485963264e+18,2.032963817647329792e+18,2.141288608121891600e+16,6.090636339456373438e+13
6.621199951171879547e+02,6.205697419516133376e+18,6.183968297490345984e+18,6.593433585032613888e+18,7.657383302996965120e+17,3.237408773722042368e+18,2.180850414788205312e+18,2.359137308046810800e+16,6.885277952787965625e+13
6.654507305438700087e+02,6.274621458714140672e+18,6.299079303883822080e+18,6.727915120447171584e+18,7.147180799772802560e+17,3.231801990744616960e+18,2.351317283697574912e+18,2.620419371396814000e+16,7.864244446231173438e+13
6.680799560546879547e+02,6.347509917502573568e+18,6.391103368588855296e+18,6.835312501459496960e+18,6.768890617563179520e+17,3.219527058636781568e+18,2.492234602458710016e+18,2.845172805867686400e+16,8.728171558375309375e+13
6.711799926757810226e+02,6.443968637711066112e+18,6.500798320813991936e+18,6.962665497457585152e+18,6.347979066238712320e+17,3.196692052049593344e+18,2.665189117883733504e+18,3.131909860890973600e+16,9.856896356117334375e+13
6.744272167968749727e+02,6.517138172807460864e+18,6.617048694437380096e+18,7.096206784341691392e+18,5.934813339481949440e+17,3.163325007550386176e+18,2.854081930819881472e+18,3.459519421350272800e+16,1.118103523362948906e+14
6.772435986328130184e+02,6.602294453108884480e+18,6.718998824332407808e+18,7.211530892649118720e+18,5.598587137276065280e+17,3.126765187253143040e+18,3.024178695306370048e+18,3.768471388798450400e+16,1.246226619623766562e+14
6.802199707031250000e+02,6.684092229943548928e+18,6.827850586468578304e+18,7.332330315404432384e+18,5.263786464933722240e+17,3.081090169589208576e+18,3.209756957861884416e+18,4.121149357412049600e+16,1.396033555937022812e+14
6.831438504732579986e+02,6.794484906601199616e+18,6.935921620881647616e+18,7.449380865074112512e+18,4.954500360569949440e+17,3.029631274561518080e+18,3.397533744889507328e+18,4.495792655704312000e+16,1.559124775113974062e+14
6.864000244140629547e+02,6.919028671520097280e+18,7.057618363422028800e+18,7.577269217524414464e+18,4.631399628957445120e+17,2.965431010732255232e+18,3.612392354329692672e+18,4.947713621190528000e+16,1.760902596340401875e+14
6.892399902343750000e+02,7.050260937034392576e+18,7.164977482717465600e+18,7.686145506105739264e+18,4.367438144351571200e+17,2.904007409847238656e+18,3.804310574397208064e+18,5.374657781490676800e+16,1.956450305119377812e+14
6.925599975585939774e+02,7.174836896853590016e+18,7.291913833331563520e+18,7.809834220835845120e+18,4.078251798250840320e+17,2.826797204175013888e+18,4.033145583398010880e+18,5.914263701450551200e+16,2.209891372060694688e+14
6.956400146484379547e+02,7.312966235351720960e+18,7.411077583268429824e+18,7.920659877267507200e+18,3.827873176967629440e+17,2.750718060776299520e+18,4.249066286959809024e+18,6.457151818476388000e+16,2.471641721549200938e+14
6.987199707031250000e+02,7.418976955601474560e+18,7.531562180967743488e+18,8.027390582982221824e+18,3.593686284089164800e+17,2.671199492776014336e+18,4.467681167323962368e+18,7.043505281207963200e+16,2.761498094055706562e+14
7.013961463341349827e+02,7.530970451471213568e+18,7.637268968212900864e+18,8.116666895688211456e+18,3.402490136115418880e+17,2.599941700500402176e+18,4.659206821919894528e+18,7.590156081168984000e+16,3.037957483203803750e+14
7.043446420522840299e+02,7.637060124811589632e+18,7.754778123282484224e+18,8.211054537713507328e+18,3.204741633939419520e+17,2.519667042915227136e+18,4.871290986071066624e+18,8.236466423677499200e+16,3.372370803139904375e+14
7.070000000000000000e+02,7.795014922756436992e+18,7.861431148546121728e+18,8.292458580428007424e+18,3.037554879389715200e+17,2.446317940596157952e+18,5.062651112757383168e+18,8.860442277183683200e+16,3.702547899617115000e+14
7.104338660606970279e+02,7.952529452678386688e+18,8.000271086339494912e+18,8.392828950086620160e+18,2.835368149309948800e+17,2.350715936306375168e+18,5.309750034845131776e+18,9.728617409356350400e+16,4.172866659774881250e+14
7.136483837890630184e+02,8.116529793988094976e+18,8.130916803802182656e+18,8.481676275692584960e+18,2.660100581974997760e+17,2.261119027343364352e+18,5.539719257476966400e+18,1.061149884918413600e+17,4.663904130309288125e+14
7.164400024414060226e+02,8.243569487256983552e+18,8.244597850870992896e+18,8.555103413804620800e+18,2.517821815443504960e+17,2.183708736003655424e+18,5.737674028363205632e+18,1.143558204412077600e+17,5.132758769477093125e+14
7.199799804687500000e+02,8.391973833945626624e+18,8.388569872802536448e+18,8.643314256815096832e+18,2.350261784113336960e+17,2.086676953539128832e+18,5.985207566362625024e+18,1.256667310964694560e+17,5.792388998702618750e+14
7.230499877929689774e+02,8.513269266753961984e+18,8.512763857199153152e+18,8.715791776244935680e+18,2.215488758496683200e+17,2.003944513647130624e+18,6.195896536996377600e+18,1.362954605849455520e+17,6.427735999707057500e+14
7.262161301832940126e+02,8.614572932048015360e+18,8.639622531597156352e+18,8.786905909505852416e+18,2.086095721092066880e+17,1.920358859396420352e+18,6.408359723392532480e+18,1.481287241335910720e+17,7.151763193089325000e+14
7.286999511718750000e+02,8.705786086856882176e+18,8.737846448630451200e+18,8.840291185137821696e+18,1.991017601567942080e+17,1.856215756877483264e+18,6.570969347279056896e+18,1.580860303458866880e+17,7.773999775561978750e+14
7.319899902343750000e+02,8.814154127037936640e+18,8.865581502090350592e+18,8.908035209892468736e+18,1.873118041392869760e+17,1.773369329654014720e+18,6.780052951407717376e+18,1.722543723269418560e+17,8.678563882675438750e+14
7.346375683593760186e+02,8.912192546272783360e+18,8.965901884779626496e+18,8.960282412239075328e+18,1.784407803785043200e+17,1.708554049470733568e+18,6.942467876843272192e+18,1.845216012827338240e+17,9.478892364562582500e+14
7.378699951171879547e+02,9.048549991628188672e+18,9.084601674363243520e+18,9.021461371429588992e+18,1.683113601353148160e+17,1.631805213453995776e+18,7.132696379795644416e+18,2.006503915999768640e+17,1.055438452255260750e+15
7.409299926757810226e+02,9.153272557383907328e+18,9.192414399412121600e+18,9.076868157544579072e+18,1.593715462374140800e+17,1.561600846252197888e+18,7.303825640821680128e+18,2.171652709291258880e+17,1.168122702811998750e+15
7.439615820312500318e+02,9.268259676888786944e+18,9.294043291769266176e+18,9.129365523123110912e+18,1.510907940535480320e+17,1.494438025328520704e+18,7.463862619186675712e+18,2.348278185674257280e+17,1.291363221521221250e+15
7.470400390625000000e+02,9.372375958768431104e+18,9.391139915748749312e+18,9.180162632590427136e+18,1.432226711536866720e+17,1.428672676668608256e+18,7.615798754403671040e+18,2.541982392558893760e+17,1.429597517518437500e+15
7.500899658203129547e+02,9.505381280710162432e+18,9.480433681676955648e+18,9.227823167743877120e+18,1.359224128463694720e+17,1.365917652779775488e+18,7.754917796869741568e+18,2.749337142436116800e+17,1.580974342797011000e+15
7.530480224609380002e+02,9.623159979179499520e+18,9.559669687591235584e+18,9.271258809474613248e+18,1.292759035617145920e+17,1.307301961948526336e+18,7.878136122931965952e+18,2.966357518307154560e+17,1.743014192246694500e+15
7.555872255522630212e+02,9.750512852513812480e+18,9.621377721303537664e+18,9.306128805850882048e+18,1.238827783265897280e+17,1.258699648587891968e+18,7.974183840347843584e+18,3.165967550412577280e+17,1.895155888803213750e+15
7.590000000000000000e+02,9.812265924802091008e+18,9.694085816746670080e+18,9.348938136992452608e+18,1.170606435496384640e+17,1.195848353329568768e+18,8.087925520395417600e+18,3.455555955118848640e+17,2.121059192042289250e+15
7.618355859375000136e+02,9.922270354898382848e+18,9.745000487056850944e+18,9.380547020865902592e+18,1.117292362458305440e+17,1.145681327940190464e+18,8.168489869057152000e+18,3.715854678826563840e+17,2.329093576973603500e+15
7.646300048828129547e+02,9.982617743627960320e+18,9.786131098818695168e+18,9.407691966863157248e+18,1.067504285601425600e+17,1.098002942245497984e+18,8.234843453152375808e+18,3.991186257975374080e+17,2.554107248005750000e+15
7.679100341796879547e+02,1.008250184702447206e+19,9.822069460484761600e+18,9.433715037317781504e+18,1.012313365153662720e+17,1.044212624891631360e+18,8.295186309208017920e+18,4.340311529378631680e+17,2.846667267861050500e+15
7.711900024414060226e+02,1.015391651066908058e+19,9.844161414389258240e+18,9.452690390118696960e+18,9.602864583925915200e+16,9.926350500716346880e+17,8.336065605470509056e+18,4.719093753613828480e+17,3.172869996645893500e+15
7.740000000000000000e+02,1.021478832064761242e+19,9.851396484996917248e+18,9.462535679383341056e+18,9.180526853520883200e+16,9.501535969798885120e+17,8.354782931828051968e+18,5.069294551419100160e+17,3.482557525419382500e+15
7.772800292968750000e+02,1.020995422143041536e+19,9.845946118275995648e+18,9.465812694142607360e+18,8.712129696021025600e+16,9.024332607235134720e+17,8.357345257136824320e+18,5.509590950662035840e+17,3.882599473474618500e+15
7.803299560546879547e+02,1.021237687623905280e+19,9.826904716161910784e+18,9.459964874738743296e+18,8.298741501957142400e+16,8.598072879413602560e+17,8.340370655332065280e+18,5.951869174380380160e+17,4.296471384117508000e+15
7.835999755859379547e+02,1.018637507278490829e+19,9.791248968957628416e+18,9.443194153869668352e+18,7.877241973502161600e+16,8.158859119151115520e+17,8.301041726133703680e+18,6.463537958613246720e+17,4.790290706667188000e+15
7.861800537109379547e+02,1.016278382208697139e+19,9.751976823140431872e+18,9.421702233833193472e+18,7.559218990591564800e+16,7.824660143028523520e+17,8.254517142578849792e+18,6.895910921887715840e+17,5.220076501146867000e+15
7.892199707031250000e+02,1.012243883585442611e+19,9.693161573259667456e+18,9.386364104493944832e+18,7.199689020967936800e+16,7.444218037835959040e+17,8.182156345371442176e+18,7.439251466861569280e+17,5.776475785175375000e+15
7.925000000000000000e+02,1.011046222062843699e+19,9.614656516127657984e+18,9.335287746973741056e+18,6.828832502865936000e+16,7.049207976050255360e+17,8.082871695491812352e+18,8.068385871876716800e+17,6.443730875617062000e+15
7.953230731670679461e+02,1.004249045035450163e+19,9.534770879695886336e+18,9.279856025891403776e+18,6.522895356445171200e+16,6.721649385077601280e+17,7.979870301067141120e+18,8.647081831103146240e+17,7.079909308827544000e+15
7.981099853515629547e+02,9.933602751472510976e+18,9.445091306608928768e+18,9.214222470261102592e+18,6.232086499355076800e+16,6.409126571075018240e+17,7.862576759966115840e+18,9.253085921137553920e+17,7.769844383398890000e+15
8.014899996243999567e+02,9.809608902358134784e+18,9.322862689006706688e+18,9.119887775946630144e+18,5.893062443516216000e+16,6.043714353344108800e+17,7.700589130294666240e+18,1.003407316591817856e+18,8.695227040532394000e+15
8.042984243539669933e+02,9.675904666923886592e+18,9.210480584857645056e+18,9.028620766616375296e+18,5.622342342983326400e+16,5.751337950910126080e+17,7.549843110564198400e+18,1.072247290081173760e+18,9.547001361644850000e+15
8.072299804687500000e+02,9.511580664993449984e+18,9.083580923648702464e+18,8.920846057806576640e+18,5.349672445501189600e+16,5.456586476421511680e+17,7.377859231228353536e+18,1.147857416687960448e+18,1.052322877505455200e+16
8.105100097656250000e+02,9.367895594038366208e+18,8.931112611535971328e+18,8.785256755717369856e+18,5.055936645762519200e+16,5.139032999999957760e+17,7.169038601011775488e+18,1.236852724330059008e+18,1.172976084606815200e+16
8.130799560546879547e+02,9.198243079151457280e+18,8.804621956778677248e+18,8.667934343945688064e+18,4.833968395501005600e+16,4.899229788890161280e+17,6.994116665514120192e+18,1.309744665998955520e+18,1.276842227998676600e+16
8.163599853515629547e+02,9.083491665864570880e+18,8.635672076141422592e+18,8.504994196243408896e+18,4.560417501557132000e+16,4.604099684248914560e+17,6.758356921903912960e+18,1.406415581159123968e+18,1.421934559533548600e+16
8.194000244140629547e+02,8.926961096961677312e+18,8.472611080702546944e+18,8.341202430484006912e+18,4.316613667805812800e+16,4.341632447178556800e+17,6.528623228902842368e+18,1.499385572035062528e+18,1.570287264708602600e+16
8.225107844426089514e+02,8.778381049643809792e+18,8.300691271607141376e+18,8.162032960629423104e+18,4.076612643891981600e+16,4.083958977824138880e+17,6.284255590573527040e+18,1.597380696566668544e+18,1.737041163545261400e+16
8.257099609375000000e+02,8.596497040405133312e+18,8.119995103587800064e+18,7.967123252826820608e+18,3.839630690694864800e+16,3.830362923294381440e+17,6.025234429101530112e+18,1.700550329312671744e+18,1.925506635397887200e+16
8.284296405498799913e+02,8.397860985975861248e+18,7.964396687850765312e+18,7.794473895885532160e+18,3.645794827366181600e+16,3.623640796344663680e+17,5.800604226594702336e+18,1.789588533449256448e+18,2.099904638151050000e+16
8.315599365234379547e+02,8.189312073006143488e+18,7.784181632180903936e+18,7.589427975597987840e+18,3.431683110621437200e+16,3.396155546150297600e+17,5.538762917865334784e+18,1.892923215359168256e+18,2.318543015096728400e+16
8.343611497145440126e+02,8.000812091749586944e+18,7.622897228944138240e+18,7.402112861811742720e+18,3.248023112445238800e+16,3.201791750633735040e+17,5.303175139793821696e+18,1.985485811551276800e+18,2.531020225479559600e+16
8.374100341796879547e+02,7.809854184216248320e+18,7.448340732469917696e+18,7.196166837141150720e+18,3.056775276324519600e+16,3.000220788182013440e+17,5.047153203457052672e+18,2.085552999631842048e+18,2.781734467050094000e+16
8.404599609375000000e+02,7.632337116034749440e+18,7.275700339214648320e+18,6.990218080044451840e+18,2.874536795476459200e+16,2.808978266261557440e+17,4.793233736493112320e+18,2.184105615455175936e+18,3.054173280802302800e+16
8.434779980468749727e+02,7.426336386095852544e+18,7.107623398484948992e+18,6.788680616618812416e+18,2.703114841557473600e+16,2.629863298977600960e+17,4.545775574402985984e+18,2.279268349149884160e+18,3.346353835543856000e+16
8.462038245567910053e+02,7.236921465664662528e+18,6.958766949092324352e+18,6.610303018294060032e+18,2.555954293361970400e+16,2.476727163743184960e+17,4.326806606445020672e+18,2.362504354914968576e+18,3.630921061239848000e+16
8.493499755859379547e+02,7.052308483938958336e+18,6.790896527767124992e+18,6.410384922812613632e+18,2.394926212371390400e+16,2.309833503109660800e+17,4.080594412918756352e+18,2.454687083619821056e+18,3.984830400439983200e+16
8.520746600811299913e+02,6.861862224679949312e+18,6.649367886358077440e+18,6.243817143429030912e+18,2.263256175080913600e+16,2.173917884024567360e+17,3.874121360988651520e+18,2.530458552881786368e+18,4.315454684148494400e+16
8.549799804687500000e+02,6.667920718001173504e+18,6.502539453937149952e+18,6.073743449056946176e+18,2.130504797676549200e+16,2.037384109008344320e+17,3.661495721148362240e+18,2.606650474848911360e+18,4.693675627770427200e+16
8.580200195312500000e+02,6.493598656606732288e+18,6.353588629576775680e+18,5.904882802842869760e+18,1.999938692605143200e+16,1.903596897983532160e+17,3.448067734833961472e+18,2.680733412945996800e+18,5.119942617373545600e+16
8.613000488281250000e+02,6.312724961878113280e+18,6.198266771679296512e+18,5.733517333350679552e+18,1.868317190227900800e+16,1.769233064410134720e+17,3.228712684246346752e+18,2.753694327681502208e+18,5.617262633965948000e+16
8.636500244140629547e+02,6.123474712879814656e+18,6.090441045415666688e+18,5.617813270291764224e+18,1.779833382648762600e+16,1.679198480275916160e+17,3.078885337765273088e+18,2.801168346823599616e+18,5.999646678093336000e+16
8.666899414062500000e+02,5.938612754580488192e+18,5.955028710291684352e+18,5.476531223399849984e+18,1.672175835069825000e+16,1.569969000991913600e+17,2.894121495657374720e+18,2.856486909445194240e+18,6.528410096075197600e+16
8.698341274919180250e+02,5.766968127135378432e+18,5.819595886871065600e+18,5.339920016655305728e+18,1.568588488868142000e+16,1.465200651535282560e+17,2.713815985297626112e+18,2.906219029307494400e+18,7.119055076656170400e+16
8.730944238281249454e+02,5.595740405830733824e+18,5.683759024525399040e+18,5.207630426811241472e+18,1.469019903658434800e+16,1.364806579301521120e+17,2.538227480950979072e+18,2.949622841964754432e+18,7.782207079942620800e+16
8.758399658203129547e+02,5.429587771760497664e+18,5.572712820857490432e+18,5.102923064033690624e+18,1.391036160946003200e+16,1.286394021952462560e+17,2.399169046378534912e+18,2.979619192891519488e+18,8.384268633196470400e+16
8.789000244140629547e+02,5.250809232061581312e+18,5.452178380153225216e+18,4.992535336156429312e+18,1.310013927345525600e+16,1.205134285365160800e+17,2.253304372862712832e+18,3.005996966562208768e+18,9.105989520587672000e+16
8.814799804687500000e+02,5.085868719091361792e+18,5.352894683189391360e+18,4.903899971583451136e+18,1.246174034789145200e+16,1.141260560534382080e+17,2.137415213200806912e+18,3.022547144534317568e+18,9.758582229572961600e+16
8.849080078125000455e+02,4.923368687481336832e+18,5.223955465505882112e+18,4.791526313227515904e+18,1.167427073611176600e+16,1.062675664649640480e+17,1.993308192577810688e+18,3.036264417810404352e+18,1.069582543670178720e+17
8.875899658203129547e+02,4.775582369572779008e+18,5.125037046285051904e+18,4.706947870534601728e+18,1.110132785489265800e+16,1.005645181350201440e+17,1.887725455180641024e+18,3.040733808174286848e+18,1.148712839556974880e+17
8.903454214242790385e+02,4.626069776585914368e+18,5.024942851011027968e+18,4.622446702767812608e+18,1.054980078897863000e+16,9.508755154780257600e+16,1.785532710492140544e+18,3.039580760995544576e+18,1.235846180928552000e+17
8.934820068359380230e+02,4.495911199410435584e+18,4.912565915088022528e+18,4.528380939573460480e+18,9.964199753269758000e+15,8.928753915538486400e+16,1.676483434769852160e+18,3.031304786763533824e+18,1.342795475702597920e+17
8.962900390625000000e+02,4.361317216327610368e+18,4.813093465334331392e+18,4.445374323199165952e+18,9.474942815807684000e+15,8.445535705979705600e+16,1.585000916471915520e+18,3.017738204992992768e+18,1.446096762192938240e+17
8.993399658203129547e+02,4.230581145047312896e+18,4.705983250377913344e+18,4.355777542843650048e+18,8.977419203582501000e+15,7.955588866559281600e+16,1.491691768976179968e+18,2.996637117334471680e+18,1.566927757295728000e+17
9.017361074594349475e+02,4.103695368928686080e+18,4.622366368080571392e+18,4.285355516085186048e+18,8.609682851472393000e+15,7.594533751604835200e+16,1.422586773735154176e+18,2.975442655423265792e+18,1.668727508651602880e+17
9.052299804687500000e+02,3.979330369376983552e+18,4.501044434329247232e+18,4.181966258086144000e+18,8.105835613516521000e+15,7.101524945348258400e+16,1.327803058588892160e+18,2.937663092808401920e+18,1.828480131518147840e+17
9.082900390625000000e+02,3.856895847912205824e+18,4.395216921351992832e+18,4.090158366733236224e+18,7.693624175177905000e+15,6.699886174197148800e+16,1.250256102964838400e+18,2.898011473387875328e+18,1.980350340351349440e+17
9.108225097656260232e+02,3.736949578874807808e+18,4.307857807157815296e+18,4.012937148795860992e+18,7.371261835514680000e+15,6.387052054512983200e+16,1.189676696442494464e+18,2.860695881745780224e+18,2.115146329813555200e+17
9.137099609375000000e+02,3.623229226677918720e+18,4.208447937178482176e+18,3.923280918834665984e+18,7.022200213237030000e+15,6.049709624228838400e+16,1.124209482039000832e+18,2.813486982985568256e+18,2.279252620375866880e+17
9.167619488055889860e+02,3.518248433120600064e+18,4.103591619466257920e+18,3.826398547811105792e+18,6.673061536581037000e+15,5.713984931561240800e+16,1.058942723917638016e+18,2.758356825972132352e+18,2.465613152514485120e+17
9.198449707031260232e+02,3.414578243058220032e+18,3.997932077073269760e+18,3.726186510176397312e+18,6.339035953400417000e+15,5.394603888839312800e+16,9.967875979341022720e+17,2.697524982158780416e+18,2.668000162451716800e+17
9.226800537109379547e+02,3.308505674677361664e+18,3.901074887114073088e+18,3.631942930317114880e+18,6.046829274593156000e+15,5.116851893307706400e+16,9.427160083744197120e+17,2.637326436472051712e+18,2.867168649433215680e+17
9.257500000000000000e+02,3.189870170647705088e+18,3.796649896457331200e+18,3.527714821804581376e+18,5.745221902646028000e+15,4.831992625127056000e+16,8.872795995100107520e+17,2.567831805498635776e+18,3.097626295542426880e+17
9.281851806640629547e+02,3.081380276449166336e+18,3.714260658178932224e+18,3.443594995045170688e+18,5.515915337169882000e+15,4.616782658481833600e+16,8.454341923554744320e+17,2.509792062045541376e+18,3.291581083402407040e+17
9.311800537109379547e+02,2.980380602489818624e+18,3.613645318461417984e+18,3.338674347530226688e+18,5.245055379721530000e+15,4.364254795396730400e+16,7.964017421006110720e+17,2.435171424628945408e+18,3.544035240116768640e+17
9.345638333834140212e+02,2.882062472865364480e+18,3.501165430036754944e+18,3.218752670282652160e+18,4.952537818951477000e+15,4.093754448046488000e+16,7.439983297554467840e+17,2.347053587969561600e+18,3.847847238162862720e+17
9.372753436748799913e+02,2.781868727162220032e+18,3.412190933949446144e+18,3.122153051488248320e+18,4.727732034131234000e+15,3.887577674837181600e+16,7.041661453643669760e+17,2.273902032888244736e+18,4.105606096959189120e+17
9.396814903846160405e+02,2.690865081658434048e+18,3.334280931540897792e+18,3.036527516513236480e+18,4.534920686858603000e+15,3.712010815765921600e+16,6.703403942757214720e+17,2.207383838408711936e+18,4.344881045536652160e+17
9.430768164062500318e+02,2.596249837803534336e+18,3.226292079559832576e+18,2.916690879937285632e+18,4.272803445010112000e+15,3.475305543285362400e+16,6.248940760039214080e+17,2.111451986023010048e+18,4.698767374930562560e+17
9.463299560546879547e+02,2.474264558816165888e+18,3.125305308415037440e+18,2.804010973476683264e+18,4.031961532092399000e+15,3.259907297244245600e+16,5.837216161642142720e+17,2.017849651947028224e+18,5.054715043665694080e+17
9.494100341796879547e+02,2.367275477617878528e+18,3.032295768466361856e+18,2.700361500065341440e+18,3.812887580426305500e+15,3.065820357471970800e+16,5.467954913822624000e+17,1.928264142830602240e+18,5.405929061556727040e+17
9.517800292968750000e+02,2.284936007934085120e+18,2.962691679958903808e+18,2.623325378515010048e+18,3.650161743088682000e+15,2.922848086618830000e+16,5.197122196194491520e+17,1.859046290831922688e+18,5.684785421462337280e+17
9.546300048828129547e+02,2.214277760448325120e+18,2.881358241620380160e+18,2.534339952262902784e+18,3.460791872414413000e+15,2.757720897847437600e+16,4.885614182481144320e+17,1.775870407217459968e+18,6.028413999676961280e+17
9.577199707031250000e+02,2.157139680092833024e+18,2.796415430691683328e+18,2.443233531031025664e+18,3.263395732325763000e+15,2.587098314138614400e+16,4.565341911294715520e+17,1.686232041448415232e+18,6.409770250728826880e+17
9.603484168419480511e+02,2.101833390206221568e+18,2.726941163503234560e+18,2.370574390934299648e+18,3.101820566412855000e+15,2.448572314531922800e+16,4.306565466939604480e+17,1.610796952716284416e+18,6.739618783651440640e+17
9.631800537109379547e+02,2.060066115857161216e+18,2.655205250133854208e+18,2.297848316110825216e+18,2.934477254791563000e+15,2.306214478270305200e+16,4.041889910416746240e+17,1.530782772204848896e+18,7.098861640158051840e+17
9.660300292968750000e+02,2.014441606577338880e+18,2.586326322629961728e+18,2.230619325786220544e+18,2.772981106463162500e+15,2.169881574444562000e+16,3.789632169101849600e+17,1.451901454350888448e+18,7.462441669634283520e+17
9.689585832868309581e+02,1.976959847060675584e+18,2.519130931001334272e+18,2.167916872579699712e+18,2.614338087570881000e+15,2.036958527984510800e+16,3.544866888632050560e+17,1.372930715995364864e+18,7.835996540901160960e+17
9.717399902343750000e+02,1.941818836120733952e+18,2.458742020640762880e+18,2.114342709479334400e+18,2.470576003892715500e+15,1.917353066324740400e+16,3.325647005311769600e+17,1.300185243484565248e+18,8.188736557379623680e+17
9.743599853515629547e+02,1.914126066927572480e+18,2.404923253983762944e+18,2.069058298786731008e+18,2.341308582702122500e+15,1.810483182225580800e+16,3.130597380219318400e+17,1.233882123385442816e+18,8.517548622895705600e+17
9.769799804687500000e+02,1.892180760429478912e+18,2.354184483059686400e+18,2.028782970625618176e+18,2.218236593343310500e+15,1.709339853546140000e+16,2.946749815484135680e+17,1.169995318958192128e+18,8.841343782968998400e+17
9.803199462890629547e+02,1.875672631631992832e+18,2.293733088581149696e+18,1.984007464825594112e+18,2.069918393910340250e+15,1.588180763854917000e+16,2.727440922006050560e+17,1.092114797444308864e+18,9.245124362385089280e+17
9.829399414062500000e+02,1.854268259456707840e+18,2.249698975066636032e+18,1.953880797613802240e+18,1.960512548126012000e+15,1.499326977500015000e+16,2.567268381363426560e+17,1.034052366719890944e+18,9.553076751204430080e+17
9.858773146409259880e+02,1.831213353486454528e+18,2.203675670942221312e+18,1.924772095805696000e+18,1.844810165430287500e+15,1.405808523611949400e+16,2.399267262314331840e+17,9.721193805153789440e+17,9.888095490092273920e+17
9.884972509765630093e+02,1.810942020432577536e+18,2.165510924602662400e+18,1.902634400350224384e+18,1.747700823069857000e+15,1.327662016404122800e+16,2.259330605887369600e+17,9.197282477051549440e+17,1.017694109911982848e+18
9.912538733849160053e+02,1.796133209309433856e+18,2.128256259152350976e+18,1.882988455394966784e+18,1.651752775065351250e+15,1.250753170747628400e+16,2.122011761171668800e+17,8.675880215560960000e+17,1.046968138574879872e+18
9.941600341796879547e+02,1.783669731091017984e+18,2.091991537557117440e+18,1.865864823697210624e+18,1.557181815626624500e+15,1.175221585793872400e+16,1.987519440416670080e+17,8.158349677336236800e+17,1.076553154587277056e+18
9.970207989032450087e+02,1.767210349574315520e+18,2.059145570926448384e+18,1.852233351322326016e+18,1.470446589232648750e+15,1.106171463746981800e+16,1.864873332185677120e+17,7.680458376193096960e+17,1.104355221001724928e+18
9.994200439453129547e+02,1.750526894454304256e+18,2.033607402920762112e+18,1.842964504764292352e+18,1.402271253440574750e+15,1.052032820866222000e+16,1.768902510037198400e+17,7.302604739100737280e+17,1.126667074418583936e+18
1.002770019531250000e+03,1.734317021535107328e+18,2.000946921840610560e+18,1.833089862284169472e+18,1.314054603191140750e+15,9.821469377558424000e+15,1.645257739435781120e+17,6.810428822723778560e+17,1.156194472590094080e+18
1.005323637695310026e+03,1.716546613164893696e+18,1.978115370854885120e+18,1.827575289111870464e+18,1.251731578383063250e+15,9.328691916239710000e+15,1.558215707852409280e+17,6.460460354740427520e+17,1.177492535776760064e+18
1.007818420410160002e+03,1.700939664503878400e+18,1.957462662523783936e+18,1.823721913701970688e+18,1.194894517432482500e+15,8.879890422489509000e+15,1.479036584013152640e+17,6.139445595748495360e+17,1.197250496742494720e+18
1.010920043945309999e+03,1.687363625494108160e+18,1.933796113674630656e+18,1.820708831567293184e+18,1.129309168557878250e+15,8.362549417638858000e+15,1.387859816623761600e+17,5.766693656641756160e+17,1.220428768492650496e+18
1.013763056828429967e+03,1.675393858344630016e+18,1.913883454098489856e+18,1.819442517767926528e+18,1.073854335030048625e+15,7.925430028860929000e+15,1.310886895147834080e+17,5.449349804434358400e+17,1.240330160026839552e+18
1.016920043945309999e+03,1.649296302103733760e+18,1.893544692173855232e+18,1.819435811325137664e+18,1.017137234233973125e+15,7.478489013976879000e+15,1.232230733916384800e+17,5.122470771206186880e+17,1.260935936975708416e+18
1.019079956054690001e+03,1.637537914659994880e+18,1.880574687909437440e+18,1.820130235047124992e+18,9.810577652170687500e+14,7.194154197319843000e+15,1.182207198652505120e+17,4.913193472090891520e+17,1.274144508806101248e+18
1.022199951171880002e+03,1.616971071268055040e+18,1.863021926327833600e+18,1.821938581275410432e+18,9.325688666769020000e+14,6.811871719167533000e+15,1.114959982947045120e+17,4.630107255014451840e+17,1.291958333075475968e+18
1.024839965820309999e+03,1.602804431639501568e+18,1.849118675911643136e+18,1.824051379848810496e+18,8.946714070054208750e+14,6.512865539814127000e+15,1.062359761431545440e+17,4.407233472713921280e+17,1.305861901038856704e+18
1.027489990234380002e+03,1.584406846860130048e+18,1.835878218150253824e+18,1.826546942004591616e+18,8.592253137362253750e+14,6.232934031215185000e+15,1.013105997282366240e+17,4.197388250780219520e+17,1.318772668900003840e+18
1.030533598632810026e+03,1.572363611778434816e+18,1.821415698167021056e+18,1.829710553922431232e+18,8.215628619390630000e+14,5.935101371371347000e+15,9.606844379132585600e+16,3.972756530682779520e+17,1.332269702219627776e+18
1.033362323467549913e+03,1.564074778955141888e+18,1.808517665430891008e+18,1.832762585748477952e+18,7.891874201218210000e+14,5.678663003427732000e+15,9.155274494014076800e+16,3.778187731114704640e+17,1.343560174774454784e+18
1.036160034179690001e+03,1.547074646332864000e+18,1.796137451035848960e+18,1.835730554032206336e+18,7.594786956677678750e+14,5.442922532240622000e+15,8.739925112021718400e+16,3.598327177887830400e+17,1.353514565817681920e+18
1.038723540039060026e+03,1.526286766829814016e+18,1.785002890263337216e+18,1.838283367608988672e+18,7.340718723936766250e+14,5.240944071759423000e+15,8.383860580910379200e+16,3.443461969777061120e+17,1.361590853273104640e+18
1.041296767578129902e+03,1.512834274332110592e+18,1.773929670743511040e+18,1.840577378954131200e+18,7.101731632025292500e+14,5.050594544977137000e+15,8.048108475707897600e+16,3.296857332649765760e+17,1.368686123370506752e+18
1.044359985351559999e+03,1.501026871037088768e+18,1.760755499397231872e+18,1.842804996056748800e+18,6.836673831839890000e+14,4.839014714529610000e+15,7.674678842075363200e+16,3.133143012015372160e+17,1.375779402029007872e+18
1.047010009765630002e+03,1.482888633004796416e+18,1.749253579522247424e+18,1.844154473227734272e+18,6.623083888439487500e+14,4.668122259586269000e+15,7.372881798286748800e+16,3.000331297027644800e+17,1.380701739291319296e+18
1.050024812117869942e+03,1.465626433838516224e+18,1.735933969191414784e+18,1.844909220907617536e+18,6.395744167422678750e+14,4.485820949514922000e+15,7.050777635407454400e+16,2.858118207357961920e+17,1.384951269519397888e+18
1.052416352539059972e+03,1.450223832121373696e+18,1.725116188641728256e+18,1.844823697696968704e+18,6.226200010883687500e+14,4.349579887647801500e+15,6.809965876920856000e+16,2.751498410463535360e+17,1.387292871451847168e+18
1.055469970703130002e+03,1.430806563511661568e+18,1.710865084469362688e+18,1.843662189232666624e+18,6.022831020292273750e+14,4.185817065182310000e+15,6.520436376998083200e+16,2.622982473487178880e+17,1.388888103574189568e+18
1.058369995117190001e+03,1.415919299138928896e+18,1.696789944934073600e+18,1.841353610934825472e+18,5.841774763172233750e+14,4.039720364620614000e+15,6.262121011083751200e+16,2.508057364450774400e+17,1.388968790286836992e+18
1.060568894606379899e+03,1.393825405485047040e+18,1.685707197344559616e+18,1.838727486286814464e+18,5.711694132611670000e+14,3.934589239249805500e+15,6.076260873592252000e+16,2.425232858138791040e+17,1.388078799371917824e+18
1.063219970703130002e+03,1.380220931501651456e+18,1.671825352729650432e+18,1.834478851310746112e+18,5.562325057225588125e+14,3.813714962645246000e+15,5.862635345508300800e+16,2.329921374093879680e+17,1.385916685221127680e+18
1.066130004882809999e+03,1.366178027066785024e+18,1.655866306881677056e+18,1.828333449984258560e+18,5.406980995084513750e+14,3.687858249318982500e+15,5.640340469847252800e+16,2.230644303999939200e+17,1.382153398295181312e+18
1.068899634728069941e+03,1.350305875423502592e+18,1.639917458046466304e+18,1.820930539498018048e+18,5.266711658577343750e+14,3.574122431905018000e+15,5.439641321612581600e+16,2.140961550029104640e+17,1.377211083615938304e+18
1.071699951171880002e+03,1.333615671362598400e+18,1.622991100474635008e+18,1.811802458294588672e+18,5.131636483928343750e+14,3.464558933681272000e+15,5.246543702773983200e+16,2.054667045455908800e+17,1.370865581485051392e+18
1.074101206054690010e+03,1.312085501748354304e+18,1.607794575708223232e+18,1.802562858533947136e+18,5.020764897375983125e+14,3.374635783063920000e+15,5.088295618968825600e+16,1.983968888668843840e+17,1.364330047001666304e+18
1.076804992675789890e+03,1.287711857660487680e+18,1.589900919069879296e+18,1.790516971625798656e+18,4.900860649993459375e+14,3.277439694543330500e+15,4.917551021885077600e+16,1.907742089824554880e+17,1.355766845654202624e+18
1.079535362830529948e+03,1.265294070412834560e+18,1.570972188300533504e+18,1.776518374241383936e+18,4.784541260153966250e+14,3.183250895207365000e+15,4.752455137579617600e+16,1.834123046889230080e+17,1.345841502842235392e+18
1.082390014648440001e+03,1.237545282410718464e+18,1.550220758711132160e+18,1.759784841214563584e+18,4.667602096759746250e+14,3.088721869188784500e+15,4.587210700673836800e+16,1.760561692799120000e+17,1.334078348947211520e+18
1.085309936523440001e+03,1.216780021319275520e+18,1.527955870270422016e+18,1.740339249417116928e+18,4.552425758785332500e+14,2.995844325046157500e+15,4.425379941770168800e+16,1.688682065022587200e+17,1.320588260589891840e+18
1.087916147085340071e+03,1.201673712355041536e+18,1.507189187501854464e+18,1.720917967381270016e+18,4.453001142751598750e+14,2.915906345348856000e+15,4.286585253315221600e+16,1.627195839634095680e+17,1.307321231091152896e+18
1.090503896859979932e+03,1.188155636586512384e+18,1.485759273903951616e+18,1.699703844805195264e+18,4.357025007099317500e+14,2.838991750042924000e+15,4.153516123808337600e+16,1.568410364031033600e+17,1.293056171884902400e+18
1.092869995117190001e+03,1.165997183079761408e+18,1.465424074968298752e+18,1.678485017946140672e+18,4.271541493425124375e+14,2.770745465216337000e+15,4.035907013878378400e+16,1.516619604694491840e+17,1.279028690902935040e+18
1.095776198167070106e+03,1.145750455977513984e+18,1.439530149465126656e+18,1.650085680286406144e+18,4.169090293467401875e+14,2.689313386985422000e+15,3.896184570347952800e+16,1.455313761032606720e+17,1.260596018119567360e+18
1.098479980468750000e+03,1.130029185254785152e+18,1.414544601675514624e+18,1.621295859786851328e+18,4.076042015217797500e+14,2.615745352582569000e+15,3.770588345263320000e+16,1.400441773224696480e+17,1.242283808741632768e+18
1.101160034179690001e+03,1.108379300668941184e+18,1.388923391762754304e+18,1.590397524532024576e+18,3.985782078686604375e+14,2.544795278841079500e+15,3.650107311480112000e+16,1.348048904045644000e+17,1.223030092178582016e+18
1.104089965820309999e+03,1.086333370375800576e+18,1.360000713305782784e+18,1.553978951916991232e+18,3.889035477133831250e+14,2.469233561685662500e+15,3.522532856273390800e+16,1.292853933363103040e+17,1.200811149016530944e+18
1.106540039062500000e+03,1.068246391700477184e+18,1.335115764372058112e+18,1.521408079633126656e+18,3.809504915239865000e+14,2.407527367635751000e+15,3.418956096705156000e+16,1.248275464595515840e+17,1.181337425153817344e+18
1.109229980468750000e+03,1.047551309929094528e+18,1.307081910305211904e+18,1.483381603601198080e+18,3.723493890357745000e+14,2.341250664179010500e+15,3.308369261989792400e+16,1.200937890554753760e+17,1.159046816638822912e+18
1.112315805288460069e+03,1.032828941899654912e+18,1.274077441033275136e+18,1.436921572966792960e+18,3.626284232046675000e+14,2.266942202338474000e+15,3.185228717033610800e+16,1.148559172155687840e+17,1.132394080352892288e+18
1.114779597355769965e+03,1.009758082697587456e+18,1.247113312824715008e+18,1.397646954337889792e+18,3.549681393119114375e+14,2.208865750590349500e+15,3.089657540774845200e+16,1.108171827041914560e+17,1.110325499154149376e+18
1.117059936523440001e+03,9.957648933169521920e+17,1.221722653309838592e+18,1.359657811807904000e+18,3.479479679731068750e+14,2.156019484721605250e+15,3.003213791176984000e+16,1.071848095146876640e+17,1.089336528978888064e+18
1.120393994140629957e+03,9.757380060406350080e+17,1.183919726678031872e+18,1.301379260888598784e+18,3.377921594212220000e+14,2.080228965269981250e+15,2.880139025072706800e+16,1.020490181837665600e+17,1.057755413331997824e+18
1.123246492826019903e+03,9.600293465632647680e+17,1.150998239859095808e+18,1.249004285958251776e+18,3.291973176071011875e+14,2.016731687930314750e+15,2.777896355134413200e+16,9.781724661343315200e+16,1.029959414181223552e+18
1.125890014648440001e+03,9.385611621486277120e+17,1.120091893833817600e+18,1.198575597339428352e+18,3.213007718402328125e+14,1.958915904138650500e+15,2.685501219109811600e+16,9.402109604323267200e+16,1.003650445841073920e+18
1.128589965820309999e+03,9.237284647380186880e+17,1.088203122849458176e+18,1.145373546588421504e+18,3.132976675365951875e+14,1.900829625647352500e+15,2.593351205031656000e+16,9.026226156234339200e+16,9.763137506112704000e+17
1.131642041015629957e+03,8.975312722186810880e+17,1.051840347308090368e+18,1.083349810298463488e+18,3.043231392189193125e+14,1.836322692578791500e+15,2.491846870548268000e+16,8.615538818689238400e+16,9.449248612242314240e+17
1.134280685950970110e+03,8.852887268635097600e+17,1.020212888166722688e+18,1.028365096125200896e+18,2.966224319330303125e+14,1.781496762583851750e+15,2.406265738388466000e+16,8.272065687572289600e+16,9.174578972327343360e+17
1.137199951171880002e+03,8.633453919437763840e+17,9.850994971912675840e+17,9.663300696759714560e+17,2.881645825757806250e+14,1.721845098403370750e+15,2.313890218730022800e+16,7.904316421301524800e+16,8.868001690881758720e+17
1.139910034179690001e+03,8.467618125095185920e+17,9.524653977358044160e+17,9.079040196379128320e+17,2.803702782677251875e+14,1.667391767907346000e+15,2.230240010065702000e+16,7.574045937003020800e+16,8.581690201166645760e+17
1.142659194335939901e+03,8.283743539053405440e+17,9.193999509486585600e+17,8.481294074640145920e+17,2.725201597980440938e+14,1.613041437796662250e+15,2.147388028344430400e+16,7.249532810572630400e+16,8.290383993690813440e+17
1.145819946289059999e+03,8.087125956892258560e+17,8.815307616843636480e+17,7.792000422040670720e+17,2.635685713851976250e+14,1.551672648514184750e+15,2.054623164537680400e+16,6.889398862374675200e+16,7.955384215837002240e+17
1.148540039062500000e+03,7.890285667820277760e+17,8.491443181744933120e+17,7.200972272879141120e+17,2.559297968147217500e+14,1.499799940205315250e+15,1.976852765402324800e+16,6.590093516342604800e+16,7.667855787053134080e+17
1.151386925330529948e+03,7.729433811516537600e+17,8.155312734880556800e+17,6.588703375692604160e+17,2.480039000944367500e+14,1.446460848240429000e+15,1.897506571576404400e+16,6.287273535397163200e+16,7.368514622559107840e+17
1.153719970703130002e+03,7.523099913634274560e+17,7.882591584256672000e+17,6.094911871474138880e+17,2.415651659526374688e+14,1.403492227462033500e+15,1.834053243491552800e+16,6.047019388551208800e+16,7.125004073463705600e+17
1.156689941406250000e+03,7.393914039826032640e+17,7.539532151122991360e+17,5.480290277838996480e+17,2.334445569547975312e+14,1.349739894917385250e+15,1.755240312951431600e+16,5.750930401100278400e+16,6.817973888893786880e+17
1.159900024414059999e+03,7.230597458979137280e+17,7.174852926334350080e+17,4.839086775327031680e+17,2.247716661340175000e+14,1.292875018444656500e+15,1.672559419404132000e+16,5.443170618777080000e+16,6.490784920259687680e+17
1.162380004882809999e+03,7.070408802510876160e+17,6.897928658029852160e+17,4.363340831053322240e+17,2.181490913528153438e+14,1.249816630854371000e+15,1.610418076800471400e+16,5.213780466029184800e+16,6.241834120992935680e+17
1.165099975585940001e+03,6.918925093530622720e+17,6.599794115606796800e+17,3.865610608743513600e+17,2.109729591430921250e+14,1.203524668186081750e+15,1.544077260487945400e+16,4.970815228498544000e+16,5.973361119614298880e+17
1.168136493389429916e+03,6.806941413862757120e+17,6.274164353905064960e+17,3.342130099098780160e+17,2.030721162944675000e+14,1.152972499203364000e+15,1.472160456005798200e+16,4.709613489534628000e+16,5.679659018652289280e+17
1.171050048828130002e+03,6.612535376608879360e+17,5.969505413394947840e+17,2.875480095673758720e+17,1.956095900033774062e+14,1.105623134089374375e+15,1.405307668274448200e+16,4.468901642177537600e+16,5.404464106504400640e+17
1.174280029296880002e+03,6.490759760023809280e+17,5.641154940363187840e+17,2.401654590606935680e+17,1.874794609062995938e+14,1.054466375273220000e+15,1.333624525656712200e+16,4.213052347541763200e+16,5.107477628187457920e+17
1.176510009765630002e+03,6.334282032184056320e+17,5.420571426965799680e+17,2.102770328369242880e+17,1.819598643117996875e+14,1.019989151432721875e+15,1.285635853203540200e+16,4.043107358291485600e+16,4.907756846985410560e+17
1.179739990234380002e+03,6.234037786869841920e+17,5.110360809488706560e+17,1.712174767948972800e+17,1.741087760977840938e+14,9.712990750319695000e+14,1.218309341695686000e+16,3.806522828123575200e+16,4.626632902145390720e+17
1.182729980468750000e+03,6.100328693846099200e+17,4.833129152791204480e+17,1.394618348090916000e+17,1.669968468374328125e+14,9.275372313075398750e+14,1.158233834987556800e+16,3.597226216244893200e+16,4.375177583481724800e+17
1.185209960937500000e+03,5.975458848672960000e+17,4.610639332080380800e+17,1.162965661150938560e+17,1.612170080320145000e+14,8.922111290944840000e+14,1.110041615940602800e+16,3.430585273899270000e+16,4.173243257699730560e+17
1.188699951171880002e+03,5.874945938329335040e+17,4.309299651630403200e+17,8.842453071279616000e+16,1.532749009120392812e+14,8.440175562536655000e+14,1.044735848421481600e+16,3.206593475235946800e+16,3.899582916718118400e+17
1.191439941406250000e+03,5.755428752682414720e+17,4.082305172163107840e+17,7.013533608803802400e+16,1.471991112222980312e+14,8.074140662961310000e+14,9.954703766473454000e+15,3.039006554325677200e+16,3.693336963450312960e+17
1.194430053710940001e+03,5.677831829889685760e+17,3.844508567648853760e+17,5.356818303909681600e+16,1.407377763999164062e+14,7.687436962696876250e+14,9.437458191813922000e+15,2.864392596324280000e+16,3.477198423845206400e+17
1.197006976787859912e+03,5.561410456170234240e+17,3.647934732222707840e+17,4.187325906246527200e+16,1.353151972202982969e+14,7.364933442962900000e+14,9.008645572843088000e+15,2.720693515976786000e+16,3.298480707820658560e+17
1.199982543945309999e+03,5.479692052914354560e+17,3.430238775210741120e+17,3.091572939081857600e+16,1.292197031561425938e+14,7.004540265626503750e+14,8.532135434190575000e+15,2.562121878630982400e+16,3.100524237715058560e+17
1.202920043945309999e+03,5.432418006720648320e+17,3.225176160380062720e+17,2.246200168160658800e+16,1.233823961699046562e+14,6.661556501020722500e+14,8.081337954822377000e+15,2.413222539539757200e+16,2.914033660935582080e+17
1.205593120868390088e+03,5.365493734099087360e+17,3.046915029133027200e+17,1.648507778284202800e+16,1.182269971301029844e+14,6.360369337356971250e+14,7.687645834648378000e+15,2.284083776850256400e+16,2.751910259664384960e+17
1.208930053710940001e+03,5.269827362707510400e+17,2.835570806087329600e+17,1.093971842001644400e+16,1.120066346649525469e+14,5.999167543001413750e+14,7.218264571557447000e+15,2.131258064687837600e+16,2.559703567487176960e+17
1.211430053710940001e+03,5.170113002707889280e+17,2.684952237376724800e+17,7.874717110924504000e+15,1.074987000520970625e+14,5.738860362412532500e+14,6.881819544124896000e+15,2.022468971231485200e+16,2.422735100720814720e+17
1.214939941406250000e+03,5.109259825621996160e+17,2.484920750414865600e+17,4.842430246749891000e+15,1.014015976275114375e+14,5.388843803443547500e+14,6.431991740731243000e+15,1.878076802410938800e+16,2.240859996863989440e+17
1.217449951171880002e+03,5.117419701619278720e+17,2.349435206558402880e+17,3.334796171994576000e+15,9.719866068335642188e+13,5.148877734182086250e+14,6.125232181350457000e+15,1.780283420728755200e+16,2.117696847821649280e+17
1.220459960937500000e+03,5.033992967450592000e+17,2.195378703875536000e+17,2.084599246028112500e+15,9.233815784660570312e+13,4.872773340864657500e+14,5.774023959345185000e+15,1.669040422801731800e+16,1.977685348774759680e+17
1.223479980468750000e+03,4.969769877091608960e+17,2.049599140982350400e+17,1.264619602530207000e+15,8.765385938635173438e+13,4.608093951398365625e+14,5.439106514399392000e+15,1.563680652296614800e+16,1.845236629038432000e+17
1.226489990234380002e+03,4.969303469705594880e+17,1.912737204598960000e+17,7.459338308175050000e+14,8.317455703513898438e+13,4.356310870251613750e+14,5.122135641397862000e+15,1.464635335212794800e+16,1.720933639871885760e+17
1.229010009765630002e+03,4.898378240475095040e+17,1.804469177571091520e+17,4.695823222354073125e+14,7.956982177721671875e+13,4.154643277497370625e+14,4.869438267789374000e+15,1.386159132706388400e+16,1.622636421553272000e+17
1.232030029296880002e+03,4.852064251723569920e+17,1.681822752811738560e+17,2.609881132814351875e+14,7.541743397978276562e+13,3.923381885592064375e+14,4.580949166037226000e+15,1.297096188728420800e+16,1.511328117097327360e+17
1.234800048828130002e+03,4.804201691678219520e+17,1.575954761674374400e+17,1.478584923974842500e+14,7.176872495717893750e+13,3.721122528203409375e+14,4.329810679952002000e+15,1.220043333326753200e+16,1.415289780430023840e+17
1.237883798452520068e+03,4.734195595318450560e+17,1.465224966477406080e+17,7.593444952136940625e+13,6.788314281675889062e+13,3.506728665413778750e+14,4.064830828839604000e+15,1.139243927807875800e+16,1.314889326075475360e+17
1.240599975585940001e+03,4.699271465190392960e+17,1.373586308332929120e+17,4.080914477623842969e+13,6.460996226038007031e+13,3.326931147792194375e+14,3.843600210114891000e+15,1.072188099095976800e+16,1.231840843833604960e+17
1.243322312575119895e+03,4.669722845063502080e+17,1.287073497055537920e+17,2.127115035382990625e+13,6.146760577313687500e+13,3.155035061455288125e+14,3.632968596838388500e+15,1.008701366123758600e+16,1.153476964067967360e+17
1.246552836914059981e+03,4.636760737248189440e+17,1.191006113703420640e+17,9.442967917575150391e+12,5.791367460356139844e+13,2.961488752092300000e+14,3.396864848059972500e+15,9.379657217081670000e+15,1.066508435185773120e+17
1.249449951171880002e+03,4.569197691550768000e+17,1.110561538701272320e+17,4.370073914364653809e+12,5.488159897761761719e+13,2.797097354530764375e+14,3.197223467450494000e+15,8.785170337787050000e+15,9.937275761556550400e+16
1.252479980468750000e+03,4.539289088052492160e+17,1.031949003031588640e+17,1.880721335962115479e+12,5.186410952620536719e+13,2.634195045805835938e+14,3.000240810370496000e+15,8.202034008534540000e+15,9.226484665799136000e+16
1.255020019531250000e+03,4.499899745470414080e+17,9.701854089825921600e+16,9.037881087451719971e+11,4.945229493897706250e+13,2.504506794319264688e+14,2.844048065926807500e+15,7.742176939463472000e+15,8.668376245102657600e+16
1.257809936523440001e+03,4.454062549891292160e+17,9.063573725072768000e+16,3.864371133272322998e+11,4.691985387921476562e+13,2.368826196532842500e+14,2.681237484340009000e+15,7.265244323020122000e+15,8.091948937826131200e+16
1.261109985351559999e+03,4.465660897154299520e+17,8.360450234646102400e+16,1.345071025328951111e+11,4.407842456031550000e+13,2.217219437288065938e+14,2.500076726323532000e+15,6.737605815821057000e+15,7.457401784782747200e+16
1.263762714092549913e+03,4.392875032913713920e+17,7.833719696767926400e+16,5.528690346533630371e+10,4.191117295141755469e+13,2.102045603371346562e+14,2.363008488887233500e+15,6.340617654998258000e+15,6.982376017543879200e+16
1.266689941406250000e+03,4.351335130484078720e+17,7.289712668060371200e+16,1.980999864144652557e+10,3.963520278414089062e+13,1.981536361945156875e+14,2.220123356480154750e+15,5.928906873177565000e+15,6.492096109138964800e+16
1.269661151592549913e+03,4.304702145555936000e+17,6.775229253204312800e+16,6.665015172790921211e+09,3.744449807649924219e+13,1.865984893941767188e+14,2.083649158633053000e+15,5.537786869079793000e+15,6.028758267930675200e+16
1.272655818058899968e+03,4.289651814702442240e+17,6.292692443794064000e+16,2.114687675786653757e+09,3.535308348987392188e+13,1.756090071018940000e+14,1.954358867631451250e+15,5.169249935323652000e+15,5.594514193969043200e+16
1.275599975585940001e+03,4.276455938062278400e+17,5.851210094305978400e+16,6.483902511940979958e+08,3.340579752549157812e+13,1.654149246300193125e+14,1.834881811910566500e+15,4.830486048830065000e+15,5.197514497164451200e+16
1.277900024414059999e+03,4.232041924871417600e+17,5.527911247266574400e+16,3.015744722923588753e+08,3.195736531854840234e+13,1.578572668668562812e+14,1.746601775266361500e+15,4.581351193311654000e+15,4.906989252571397600e+16
1.281219970703130002e+03,4.207091194115148800e+17,5.091840556635769600e+16,2.004657660041825771e+08,2.997187787343695312e+13,1.475323140003434375e+14,1.626413730686189750e+15,4.243806019557768000e+15,4.515406901805312800e+16
1.284137226562500018e+03,4.155083251190443520e+17,4.737152974117309600e+16,1.323610489312307388e+08,2.832714847686647266e+13,1.390117493795999844e+14,1.527614424003285250e+15,3.967838444092498000e+15,4.197170059395476800e+16
1.286702358398440083e+03,4.131717813645603200e+17,4.445639684134033600e+16,8.619277146835342050e+07,2.695381729568178906e+13,1.319202990042914375e+14,1.445660478235610250e+15,3.739995317138307500e+15,3.935807174059003200e+16
1.289650024414059999e+03,4.106361832876675840e+17,4.132711488635946400e+16,8.706819591555868089e+07,2.545612117550413281e+13,1.242116188984195000e+14,1.356868515513491250e+15,3.494291562391632000e+15,3.655453488935474400e+16
1.292406118539669933e+03,4.078272856120829440e+17,3.859973462293147200e+16,5.557242211736203730e+07,2.412948384482063672e+13,1.174057958354020938e+14,1.278740575404990500e+15,3.279124774691492000e+15,3.411296019167562000e+16
1.295290039062500000e+03,4.038915860023881600e+17,3.594243942173709200e+16,5.611974979868756980e+07,2.281571734351483594e+13,1.106881293890947500e+14,1.201885141451875750e+15,3.068471277196823500e+15,3.173601437272302400e+16
1.297849975585940001e+03,3.975055205647976320e+17,3.373903346550430000e+16,5.660804605542164296e+07,2.170942026637711719e+13,1.050488080309784062e+14,1.137572326621153500e+15,2.892989261284711000e+15,2.976657611229823200e+16
1.299993627929690092e+03,5.351340530639769600e+16,3.199821761236099200e+16,3.542330959851954132e+07,2.082386990061719922e+13,1.005465259355458594e+14,1.086364927838548500e+15,2.753798534592858500e+15,2.821162909379678400e+16
